Ethnicity,race,Confirmed_Cases,Deaths
HISPANIC/LATINO,AFRICAN-AMERICAN/BLACK,133,5
HISPANIC/LATINO,AMERICAN INDIAN/ALASKA NATIVE,14,1
HISPANIC/LATINO,ASIAN,13,0
HISPANIC/LATINO,MISSING,151,3
HISPANIC/LATINO,NATIVE HAWAIIAN/PACIFIC ISLANDER,4,0
HISPANIC/LATINO,OTHER,1745,20
HISPANIC/LATINO,UNKNOWN,291,5
HISPANIC/LATINO,WHITE,2506,42
NON-HISPANIC/LATINO,AFRICAN-AMERICAN/BLACK,11577,880
NON-HISPANIC/LATINO,AMERICAN INDIAN/ALASKA NATIVE,30,3
NON-HISPANIC/LATINO,ASIAN,455,28
NON-HISPANIC/LATINO,MISSING,74,0
NON-HISPANIC/LATINO,NATIVE HAWAIIAN/PACIFIC ISLANDER,18,2
NON-HISPANIC/LATINO,OTHER,397,5
NON-HISPANIC/LATINO,UNKNOWN,183,1
NON-HISPANIC/LATINO,WHITE,8968,790
UNKNOWN,AFRICAN-AMERICAN/BLACK,2564,9
UNKNOWN,AMERICAN INDIAN/ALASKA NATIVE,5,0
UNKNOWN,ASIAN,142,0
UNKNOWN,MISSING,6150,12
UNKNOWN,NATIVE HAWAIIAN/PACIFIC ISLANDER,4,0
UNKNOWN,OTHER,530,1
UNKNOWN,UNKNOWN,5242,11
UNKNOWN,WHITE,1706,9
