Ethnicity,race,Confirmed_Cases,Deaths
HISPANIC/LATINO,AFRICAN-AMERICAN/BLACK,133,5
HISPANIC/LATINO,AMERICAN INDIAN/ALASKA NATIVE,14,1
HISPANIC/LATINO,ASIAN,12,0
HISPANIC/LATINO,MISSING,141,3
HISPANIC/LATINO,NATIVE HAWAIIAN/PACIFIC ISLANDER,4,0
HISPANIC/LATINO,OTHER,1695,20
HISPANIC/LATINO,UNKNOWN,288,5
HISPANIC/LATINO,WHITE,2447,42
NON-HISPANIC/LATINO,AFRICAN-AMERICAN/BLACK,11417,873
NON-HISPANIC/LATINO,AMERICAN INDIAN/ALASKA NATIVE,29,3
NON-HISPANIC/LATINO,ASIAN,448,28
NON-HISPANIC/LATINO,MISSING,66,0
NON-HISPANIC/LATINO,NATIVE HAWAIIAN/PACIFIC ISLANDER,17,2
NON-HISPANIC/LATINO,OTHER,372,5
NON-HISPANIC/LATINO,UNKNOWN,178,1
NON-HISPANIC/LATINO,WHITE,8827,788
UNKNOWN,AFRICAN-AMERICAN/BLACK,2552,9
UNKNOWN,AMERICAN INDIAN/ALASKA NATIVE,5,0
UNKNOWN,ASIAN,142,0
UNKNOWN,MISSING,5562,7
UNKNOWN,NATIVE HAWAIIAN/PACIFIC ISLANDER,5,0
UNKNOWN,OTHER,502,1
UNKNOWN,UNKNOWN,4943,10
UNKNOWN,WHITE,1683,5
