Ethnicity,race,Confirmed_Cases,Deaths
HISPANIC/LATINO,AFRICAN-AMERICAN,126,5
HISPANIC/LATINO,AMERICAN INDIAN/ALASKA NATIVE,14,1
HISPANIC/LATINO,ASIAN,12,0
HISPANIC/LATINO,MISSING,125,2
HISPANIC/LATINO,NATIVE HAWAIIAN/PACIFIC ISLANDER,4,0
HISPANIC/LATINO,OTHER,1524,15
HISPANIC/LATINO,UNKNOWN,248,2
HISPANIC/LATINO,WHITE,2121,37
NON-HISPANIC/LATINO,AFRICAN-AMERICAN,10760,798
NON-HISPANIC/LATINO,AMERICAN INDIAN/ALASKA NATIVE,28,3
NON-HISPANIC/LATINO,ASIAN,418,28
NON-HISPANIC/LATINO,MISSING,63,0
NON-HISPANIC/LATINO,NATIVE HAWAIIAN/PACIFIC ISLANDER,16,2
NON-HISPANIC/LATINO,OTHER,324,6
NON-HISPANIC/LATINO,UNKNOWN,170,3
NON-HISPANIC/LATINO,WHITE,8124,724
UNKNOWN,AFRICAN-AMERICAN,2516,9
UNKNOWN,AMERICAN INDIAN/ALASKA NATIVE,6,0
UNKNOWN,ASIAN,134,0
UNKNOWN,MISSING,5251,9
UNKNOWN,NATIVE HAWAIIAN/PACIFIC ISLANDER,5,0
UNKNOWN,OTHER,470,1
UNKNOWN,UNKNOWN,4664,11
UNKNOWN,WHITE,1598,8
