"age group","county name","cases","deaths","hospitalization"
"01-04 years","Georgia","4020","1","84"
"05-09 years","Georgia","5890","1","62"
"10-17 years","Georgia","20894","5","284"
"18-29 years","Georgia","86928","56","2083"
"30-39 years","Georgia","56901","134","2784"
"40-49 years","Georgia","54169","294","3969"
"50-59 years","Georgia","49970","728","5584"
"60-69 years","Georgia","33756","1539","6266"
"70-79 years","Georgia","19662","2118","5416"
"80 & Older years","Georgia","12687","2886","4290"
"<1 years","Georgia","1240","0","72"
"Unknown years","Georgia","1642","4","55"
"01-04 years","Appling","15","0","0"
"05-09 years","Appling","33","0","0"
"10-17 years","Appling","93","0","1"
"18-29 years","Appling","214","0","4"
"30-39 years","Appling","171","1","5"
"40-49 years","Appling","164","2","12"
"50-59 years","Appling","179","6","17"
"60-69 years","Appling","139","6","27"
"70-79 years","Appling","99","11","22"
"80 & Older years","Appling","41","10","14"
"<1 years","Appling","3","0","0"
"Unknown years","Appling","5","0","0"
"01-04 years","Atkinson","3","0","1"
"05-09 years","Atkinson","11","0","1"
"10-17 years","Atkinson","23","0","0"
"18-29 years","Atkinson","104","0","7"
"30-39 years","Atkinson","83","0","6"
"40-49 years","Atkinson","86","0","11"
"50-59 years","Atkinson","84","0","14"
"60-69 years","Atkinson","49","2","13"
"70-79 years","Atkinson","25","1","5"
"80 & Older years","Atkinson","7","2","4"
"<1 years","Atkinson","2","0","0"
"01-04 years","Bacon","11","0","0"
"05-09 years","Bacon","12","0","0"
"10-17 years","Bacon","41","0","0"
"18-29 years","Bacon","161","0","1"
"30-39 years","Bacon","83","0","3"
"40-49 years","Bacon","107","1","6"
"50-59 years","Bacon","95","2","13"
"60-69 years","Bacon","56","5","11"
"70-79 years","Bacon","38","3","7"
"80 & Older years","Bacon","22","5","6"
"<1 years","Bacon","4","0","0"
"Unknown years","Bacon","1","0","0"
"01-04 years","Baker","4","0","0"
"05-09 years","Baker","4","0","0"
"10-17 years","Baker","5","0","0"
"18-29 years","Baker","16","0","0"
"30-39 years","Baker","11","0","2"
"40-49 years","Baker","8","0","1"
"50-59 years","Baker","13","0","1"
"60-69 years","Baker","14","2","6"
"70-79 years","Baker","12","2","8"
"80 & Older years","Baker","3","2","2"
"01-04 years","Baldwin","10","0","0"
"05-09 years","Baldwin","25","0","0"
"10-17 years","Baldwin","78","0","1"
"18-29 years","Baldwin","913","0","10"
"30-39 years","Baldwin","244","1","10"
"40-49 years","Baldwin","269","2","25"
"50-59 years","Baldwin","277","7","35"
"60-69 years","Baldwin","233","12","40"
"70-79 years","Baldwin","142","17","34"
"80 & Older years","Baldwin","90","24","23"
"<1 years","Baldwin","3","0","0"
"Unknown years","Baldwin","1","0","0"
"01-04 years","Banks","5","0","0"
"05-09 years","Banks","7","0","0"
"10-17 years","Banks","39","0","0"
"18-29 years","Banks","96","0","3"
"30-39 years","Banks","69","0","0"
"40-49 years","Banks","74","0","10"
"50-59 years","Banks","80","0","7"
"60-69 years","Banks","71","1","14"
"70-79 years","Banks","51","3","20"
"80 & Older years","Banks","47","4","17"
"<1 years","Banks","2","0","0"
"Unknown years","Banks","8","0","1"
"01-04 years","Barrow","27","0","0"
"05-09 years","Barrow","45","0","0"
"10-17 years","Barrow","144","0","2"
"18-29 years","Barrow","581","1","22"
"30-39 years","Barrow","436","0","22"
"40-49 years","Barrow","458","2","37"
"50-59 years","Barrow","364","1","43"
"60-69 years","Barrow","232","9","54"
"70-79 years","Barrow","149","13","42"
"80 & Older years","Barrow","94","24","38"
"<1 years","Barrow","9","0","1"
"Unknown years","Barrow","9","0","0"
"01-04 years","Bartow","29","0","1"
"05-09 years","Bartow","58","0","1"
"10-17 years","Bartow","294","0","1"
"18-29 years","Bartow","722","0","8"
"30-39 years","Bartow","565","2","24"
"40-49 years","Bartow","543","0","31"
"50-59 years","Bartow","551","6","63"
"60-69 years","Bartow","333","15","66"
"70-79 years","Bartow","229","27","70"
"80 & Older years","Bartow","159","44","60"
"<1 years","Bartow","13","0","1"
"Unknown years","Bartow","15","0","4"
"01-04 years","Ben Hill","21","0","1"
"05-09 years","Ben Hill","16","0","0"
"10-17 years","Ben Hill","53","0","0"
"18-29 years","Ben Hill","143","0","4"
"30-39 years","Ben Hill","139","2","5"
"40-49 years","Ben Hill","108","0","5"
"50-59 years","Ben Hill","136","2","17"
"60-69 years","Ben Hill","125","9","18"
"70-79 years","Ben Hill","89","13","33"
"80 & Older years","Ben Hill","31","8","9"
"<1 years","Ben Hill","2","0","0"
"Unknown years","Ben Hill","4","0","0"
"01-04 years","Berrien","9","0","0"
"05-09 years","Berrien","8","0","0"
"10-17 years","Berrien","26","0","0"
"18-29 years","Berrien","101","0","0"
"30-39 years","Berrien","79","0","0"
"40-49 years","Berrien","70","0","1"
"50-59 years","Berrien","75","0","10"
"60-69 years","Berrien","51","1","6"
"70-79 years","Berrien","34","3","2"
"80 & Older years","Berrien","29","8","6"
"<1 years","Berrien","1","0","0"
"Unknown years","Berrien","2","0","0"
"01-04 years","Bibb","79","0","2"
"05-09 years","Bibb","98","0","0"
"10-17 years","Bibb","288","0","6"
"18-29 years","Bibb","1568","1","53"
"30-39 years","Bibb","1050","4","62"
"40-49 years","Bibb","1009","8","124"
"50-59 years","Bibb","921","11","141"
"60-69 years","Bibb","761","37","215"
"70-79 years","Bibb","446","56","162"
"80 & Older years","Bibb","298","77","134"
"<1 years","Bibb","25","0","4"
"Unknown years","Bibb","7","0","0"
"01-04 years","Bleckley","2","0","0"
"05-09 years","Bleckley","4","0","0"
"10-17 years","Bleckley","38","0","0"
"18-29 years","Bleckley","134","0","3"
"30-39 years","Bleckley","53","0","1"
"40-49 years","Bleckley","64","1","1"
"50-59 years","Bleckley","66","2","3"
"60-69 years","Bleckley","41","7","9"
"70-79 years","Bleckley","47","2","9"
"80 & Older years","Bleckley","56","12","7"
"<1 years","Bleckley","1","0","0"
"Unknown years","Bleckley","4","0","0"
"01-04 years","Brantley","8","0","0"
"05-09 years","Brantley","2","0","0"
"10-17 years","Brantley","30","0","1"
"18-29 years","Brantley","74","0","1"
"30-39 years","Brantley","54","0","3"
"40-49 years","Brantley","60","0","3"
"50-59 years","Brantley","72","1","8"
"60-69 years","Brantley","56","2","7"
"70-79 years","Brantley","36","5","9"
"80 & Older years","Brantley","28","5","6"
"<1 years","Brantley","1","0","0"
"01-04 years","Brooks","13","0","0"
"05-09 years","Brooks","10","0","0"
"10-17 years","Brooks","45","0","0"
"18-29 years","Brooks","108","0","0"
"30-39 years","Brooks","81","0","2"
"40-49 years","Brooks","65","0","8"
"50-59 years","Brooks","83","2","13"
"60-69 years","Brooks","60","6","11"
"70-79 years","Brooks","48","9","15"
"80 & Older years","Brooks","36","10","6"
"<1 years","Brooks","2","0","0"
"01-04 years","Bryan","19","0","0"
"05-09 years","Bryan","25","0","0"
"10-17 years","Bryan","91","0","0"
"18-29 years","Bryan","273","0","8"
"30-39 years","Bryan","226","1","7"
"40-49 years","Bryan","217","0","10"
"50-59 years","Bryan","174","3","15"
"60-69 years","Bryan","124","3","18"
"70-79 years","Bryan","80","5","25"
"80 & Older years","Bryan","42","2","9"
"<1 years","Bryan","5","0","0"
"Unknown years","Bryan","6","0","0"
"01-04 years","Bulloch","33","0","0"
"05-09 years","Bulloch","40","0","0"
"10-17 years","Bulloch","152","0","2"
"18-29 years","Bulloch","1617","0","6"
"30-39 years","Bulloch","323","2","15"
"40-49 years","Bulloch","268","2","20"
"50-59 years","Bulloch","267","1","20"
"60-69 years","Bulloch","177","12","35"
"70-79 years","Bulloch","89","10","24"
"80 & Older years","Bulloch","59","6","19"
"<1 years","Bulloch","11","0","0"
"Unknown years","Bulloch","18","0","0"
"01-04 years","Burke","12","0","0"
"05-09 years","Burke","21","0","0"
"10-17 years","Burke","63","0","1"
"18-29 years","Burke","176","0","4"
"30-39 years","Burke","135","0","4"
"40-49 years","Burke","134","1","7"
"50-59 years","Burke","142","1","22"
"60-69 years","Burke","102","4","25"
"70-79 years","Burke","66","2","19"
"80 & Older years","Burke","21","4","9"
"<1 years","Burke","4","0","0"
"Unknown years","Burke","1","0","0"
"01-04 years","Butts","7","0","0"
"05-09 years","Butts","9","0","0"
"10-17 years","Butts","34","0","0"
"18-29 years","Butts","124","0","2"
"30-39 years","Butts","132","0","5"
"40-49 years","Butts","112","2","9"
"50-59 years","Butts","102","3","13"
"60-69 years","Butts","83","7","15"
"70-79 years","Butts","60","10","8"
"80 & Older years","Butts","68","22","3"
"<1 years","Butts","3","0","0"
"01-04 years","Calhoun","1","0","0"
"10-17 years","Calhoun","9","0","0"
"18-29 years","Calhoun","36","0","4"
"30-39 years","Calhoun","40","2","5"
"40-49 years","Calhoun","56","0","5"
"50-59 years","Calhoun","51","2","9"
"60-69 years","Calhoun","45","2","15"
"70-79 years","Calhoun","17","1","5"
"80 & Older years","Calhoun","9","2","5"
"<1 years","Calhoun","1","0","0"
"01-04 years","Camden","21","0","0"
"05-09 years","Camden","16","0","0"
"10-17 years","Camden","77","0","0"
"18-29 years","Camden","394","0","3"
"30-39 years","Camden","223","0","9"
"40-49 years","Camden","176","1","10"
"50-59 years","Camden","216","1","9"
"60-69 years","Camden","138","5","12"
"70-79 years","Camden","73","0","12"
"80 & Older years","Camden","50","11","15"
"<1 years","Camden","5","0","0"
"Unknown years","Camden","9","0","0"
"01-04 years","Candler","8","0","0"
"05-09 years","Candler","9","0","0"
"10-17 years","Candler","44","0","0"
"18-29 years","Candler","99","0","0"
"30-39 years","Candler","72","0","2"
"40-49 years","Candler","88","2","1"
"50-59 years","Candler","94","4","8"
"60-69 years","Candler","60","6","8"
"70-79 years","Candler","35","9","9"
"80 & Older years","Candler","18","3","7"
"<1 years","Candler","2","0","0"
"Unknown years","Candler","1","0","0"
"01-04 years","Carroll","41","0","0"
"05-09 years","Carroll","50","0","1"
"10-17 years","Carroll","228","0","2"
"18-29 years","Carroll","831","0","7"
"30-39 years","Carroll","476","3","12"
"40-49 years","Carroll","493","3","14"
"50-59 years","Carroll","469","9","36"
"60-69 years","Carroll","334","10","39"
"70-79 years","Carroll","205","25","40"
"80 & Older years","Carroll","146","25","27"
"<1 years","Carroll","13","0","0"
"Unknown years","Carroll","11","0","0"
"01-04 years","Catoosa","22","0","0"
"05-09 years","Catoosa","20","0","0"
"10-17 years","Catoosa","106","0","0"
"18-29 years","Catoosa","246","0","5"
"30-39 years","Catoosa","195","0","4"
"40-49 years","Catoosa","241","1","9"
"50-59 years","Catoosa","191","4","8"
"60-69 years","Catoosa","159","3","23"
"70-79 years","Catoosa","114","7","19"
"80 & Older years","Catoosa","60","6","15"
"<1 years","Catoosa","7","0","0"
"Unknown years","Catoosa","16","0","0"
"01-04 years","Charlton","9","0","0"
"05-09 years","Charlton","16","0","0"
"10-17 years","Charlton","25","0","0"
"18-29 years","Charlton","122","0","1"
"30-39 years","Charlton","142","0","2"
"40-49 years","Charlton","124","1","5"
"50-59 years","Charlton","90","0","2"
"60-69 years","Charlton","81","3","6"
"70-79 years","Charlton","23","4","5"
"80 & Older years","Charlton","9","2","6"
"<1 years","Charlton","2","0","0"
"Unknown years","Charlton","1","0","0"
"01-04 years","Chatham","145","0","0"
"05-09 years","Chatham","174","1","0"
"10-17 years","Chatham","556","0","11"
"18-29 years","Chatham","2536","1","38"
"30-39 years","Chatham","1656","4","70"
"40-49 years","Chatham","1223","6","84"
"50-59 years","Chatham","1178","20","141"
"60-69 years","Chatham","909","39","180"
"70-79 years","Chatham","504","47","169"
"80 & Older years","Chatham","321","68","127"
"<1 years","Chatham","37","0","3"
"Unknown years","Chatham","41","0","2"
"01-04 years","Chattahoochee","3","0","0"
"05-09 years","Chattahoochee","1","0","0"
"10-17 years","Chattahoochee","94","0","1"
"18-29 years","Chattahoochee","1457","0","1"
"30-39 years","Chattahoochee","115","0","1"
"40-49 years","Chattahoochee","25","0","0"
"50-59 years","Chattahoochee","17","0","5"
"60-69 years","Chattahoochee","9","0","3"
"70-79 years","Chattahoochee","4","0","1"
"80 & Older years","Chattahoochee","3","1","2"
"<1 years","Chattahoochee","6","0","0"
"Unknown years","Chattahoochee","1","0","0"
"01-04 years","Chattooga","3","0","0"
"05-09 years","Chattooga","10","0","0"
"10-17 years","Chattooga","58","0","0"
"18-29 years","Chattooga","161","0","1"
"30-39 years","Chattooga","137","0","4"
"40-49 years","Chattooga","149","1","4"
"50-59 years","Chattooga","135","2","7"
"60-69 years","Chattooga","113","6","17"
"70-79 years","Chattooga","75","7","16"
"80 & Older years","Chattooga","60","13","14"
"<1 years","Chattooga","2","0","1"
"Unknown years","Chattooga","7","0","1"
"01-04 years","Cherokee","70","0","5"
"05-09 years","Cherokee","131","0","3"
"10-17 years","Cherokee","602","0","2"
"18-29 years","Cherokee","1713","1","41"
"30-39 years","Cherokee","1009","1","54"
"40-49 years","Cherokee","1108","2","59"
"50-59 years","Cherokee","1106","7","93"
"60-69 years","Cherokee","576","15","86"
"70-79 years","Cherokee","343","22","86"
"80 & Older years","Cherokee","248","52","96"
"<1 years","Cherokee","21","0","0"
"Unknown years","Cherokee","23","0","0"
"01-04 years","Clarke","65","0","0"
"05-09 years","Clarke","76","0","1"
"10-17 years","Clarke","222","0","4"
"18-29 years","Clarke","3301","0","14"
"30-39 years","Clarke","595","1","21"
"40-49 years","Clarke","459","1","24"
"50-59 years","Clarke","418","4","37"
"60-69 years","Clarke","287","10","59"
"70-79 years","Clarke","143","19","57"
"80 & Older years","Clarke","72","12","22"
"<1 years","Clarke","14","0","1"
"Unknown years","Clarke","4","0","0"
"01-04 years","Clay","1","0","0"
"05-09 years","Clay","2","0","0"
"10-17 years","Clay","10","0","0"
"18-29 years","Clay","22","0","0"
"30-39 years","Clay","21","0","1"
"40-49 years","Clay","18","0","0"
"50-59 years","Clay","16","0","1"
"60-69 years","Clay","16","1","2"
"70-79 years","Clay","7","0","0"
"80 & Older years","Clay","11","2","5"
"01-04 years","Clayton","109","0","5"
"05-09 years","Clayton","146","0","3"
"10-17 years","Clayton","401","0","11"
"18-29 years","Clayton","1836","2","58"
"30-39 years","Clayton","1568","6","85"
"40-49 years","Clayton","1313","14","106"
"50-59 years","Clayton","1234","25","152"
"60-69 years","Clayton","823","46","130"
"70-79 years","Clayton","361","37","85"
"80 & Older years","Clayton","206","44","51"
"<1 years","Clayton","22","0","1"
"Unknown years","Clayton","18","1","0"
"01-04 years","Clinch","7","0","0"
"05-09 years","Clinch","9","0","0"
"10-17 years","Clinch","50","0","0"
"18-29 years","Clinch","91","0","2"
"30-39 years","Clinch","61","1","2"
"40-49 years","Clinch","62","0","1"
"50-59 years","Clinch","54","0","6"
"60-69 years","Clinch","62","5","9"
"70-79 years","Clinch","27","6","9"
"80 & Older years","Clinch","12","0","2"
"<1 years","Clinch","1","0","0"
"Unknown years","Clinch","1","0","0"
"01-04 years","Cobb","196","1","8"
"05-09 years","Cobb","287","0","3"
"10-17 years","Cobb","1029","0","17"
"18-29 years","Cobb","6179","6","169"
"30-39 years","Cobb","3703","9","187"
"40-49 years","Cobb","3452","16","298"
"50-59 years","Cobb","3033","28","378"
"60-69 years","Cobb","1812","60","337"
"70-79 years","Cobb","1043","139","293"
"80 & Older years","Cobb","730","193","260"
"<1 years","Cobb","69","0","7"
"Unknown years","Cobb","30","0","2"
"01-04 years","Coffee","39","0","2"
"05-09 years","Coffee","42","0","3"
"10-17 years","Coffee","111","0","1"
"18-29 years","Coffee","432","0","8"
"30-39 years","Coffee","323","1","19"
"40-49 years","Coffee","363","2","47"
"50-59 years","Coffee","359","2","67"
"60-69 years","Coffee","315","16","69"
"70-79 years","Coffee","144","18","58"
"80 & Older years","Coffee","94","21","50"
"<1 years","Coffee","8","0","0"
"01-04 years","Colquitt","31","0","0"
"05-09 years","Colquitt","46","0","1"
"10-17 years","Colquitt","185","0","2"
"18-29 years","Colquitt","493","0","15"
"30-39 years","Colquitt","350","0","15"
"40-49 years","Colquitt","328","4","28"
"50-59 years","Colquitt","281","9","28"
"60-69 years","Colquitt","200","9","30"
"70-79 years","Colquitt","109","6","28"
"80 & Older years","Colquitt","67","11","18"
"<1 years","Colquitt","8","0","0"
"Unknown years","Colquitt","3","0","0"
"01-04 years","Columbia","25","0","1"
"05-09 years","Columbia","69","0","0"
"10-17 years","Columbia","338","0","1"
"18-29 years","Columbia","982","0","7"
"30-39 years","Columbia","733","2","12"
"40-49 years","Columbia","743","4","21"
"50-59 years","Columbia","633","9","43"
"60-69 years","Columbia","405","8","47"
"70-79 years","Columbia","219","17","33"
"80 & Older years","Columbia","123","24","31"
"<1 years","Columbia","11","0","1"
"Unknown years","Columbia","2","0","0"
"01-04 years","Cook","8","0","0"
"05-09 years","Cook","10","0","0"
"10-17 years","Cook","44","0","1"
"18-29 years","Cook","127","0","2"
"30-39 years","Cook","92","0","4"
"40-49 years","Cook","94","0","9"
"50-59 years","Cook","75","1","14"
"60-69 years","Cook","61","3","10"
"70-79 years","Cook","45","9","14"
"80 & Older years","Cook","17","3","7"
"<1 years","Cook","5","0","0"
"Unknown years","Cook","3","0","0"
"01-04 years","Coweta","37","0","0"
"05-09 years","Coweta","50","0","0"
"10-17 years","Coweta","183","0","0"
"18-29 years","Coweta","634","1","9"
"30-39 years","Coweta","444","0","12"
"40-49 years","Coweta","437","3","19"
"50-59 years","Coweta","511","7","29"
"60-69 years","Coweta","320","15","31"
"70-79 years","Coweta","172","15","28"
"80 & Older years","Coweta","118","22","17"
"<1 years","Coweta","8","0","0"
"Unknown years","Coweta","1","0","0"
"01-04 years","Crawford","1","0","0"
"05-09 years","Crawford","1","0","0"
"10-17 years","Crawford","11","0","0"
"18-29 years","Crawford","40","0","1"
"30-39 years","Crawford","27","0","3"
"40-49 years","Crawford","20","0","2"
"50-59 years","Crawford","47","1","7"
"60-69 years","Crawford","33","3","10"
"70-79 years","Crawford","8","2","3"
"80 & Older years","Crawford","5","0","3"
"01-04 years","Crisp","9","0","0"
"05-09 years","Crisp","9","0","0"
"10-17 years","Crisp","36","0","0"
"18-29 years","Crisp","110","0","5"
"30-39 years","Crisp","100","0","8"
"40-49 years","Crisp","90","1","8"
"50-59 years","Crisp","92","2","14"
"60-69 years","Crisp","100","7","21"
"70-79 years","Crisp","46","6","19"
"80 & Older years","Crisp","31","7","8"
"<1 years","Crisp","5","0","0"
"Unknown years","Crisp","9","0","0"
"01-04 years","Dade","1","0","0"
"05-09 years","Dade","10","0","0"
"10-17 years","Dade","31","0","0"
"18-29 years","Dade","62","0","1"
"30-39 years","Dade","49","0","1"
"40-49 years","Dade","56","0","3"
"50-59 years","Dade","54","1","4"
"60-69 years","Dade","34","0","2"
"70-79 years","Dade","30","4","8"
"80 & Older years","Dade","5","0","2"
"<1 years","Dade","4","0","0"
"Unknown years","Dade","3","0","1"
"01-04 years","Dawson","6","0","0"
"05-09 years","Dawson","9","0","0"
"10-17 years","Dawson","67","0","2"
"18-29 years","Dawson","212","0","7"
"30-39 years","Dawson","123","0","3"
"40-49 years","Dawson","122","0","12"
"50-59 years","Dawson","143","0","9"
"60-69 years","Dawson","122","1","29"
"70-79 years","Dawson","67","7","17"
"80 & Older years","Dawson","26","3","7"
"<1 years","Dawson","5","0","0"
"Unknown years","Dawson","1","0","0"
"01-04 years","DeKalb","245","0","7"
"05-09 years","DeKalb","336","0","4"
"10-17 years","DeKalb","965","0","31"
"18-29 years","DeKalb","5059","5","223"
"30-39 years","DeKalb","4251","13","302"
"40-49 years","DeKalb","3355","19","330"
"50-59 years","DeKalb","2994","51","432"
"60-69 years","DeKalb","1837","85","416"
"70-79 years","DeKalb","989","105","332"
"80 & Older years","DeKalb","599","119","212"
"<1 years","DeKalb","72","0","5"
"Unknown years","DeKalb","67","0","5"
"01-04 years","Decatur","28","0","1"
"05-09 years","Decatur","39","0","0"
"10-17 years","Decatur","104","0","0"
"18-29 years","Decatur","265","1","6"
"30-39 years","Decatur","201","1","7"
"40-49 years","Decatur","202","0","13"
"50-59 years","Decatur","166","4","21"
"60-69 years","Decatur","122","7","22"
"70-79 years","Decatur","74","12","17"
"80 & Older years","Decatur","69","9","12"
"<1 years","Decatur","6","0","0"
"Unknown years","Decatur","2","0","1"
"01-04 years","Dodge","4","0","0"
"05-09 years","Dodge","11","0","0"
"10-17 years","Dodge","44","1","1"
"18-29 years","Dodge","81","0","0"
"30-39 years","Dodge","42","0","1"
"40-49 years","Dodge","98","0","9"
"50-59 years","Dodge","105","1","7"
"60-69 years","Dodge","90","5","16"
"70-79 years","Dodge","58","3","8"
"80 & Older years","Dodge","46","5","10"
"<1 years","Dodge","2","0","0"
"Unknown years","Dodge","2","0","0"
"01-04 years","Dooly","8","0","0"
"05-09 years","Dooly","3","0","0"
"10-17 years","Dooly","16","0","0"
"18-29 years","Dooly","52","0","4"
"30-39 years","Dooly","52","0","6"
"40-49 years","Dooly","70","0","7"
"50-59 years","Dooly","68","3","11"
"60-69 years","Dooly","60","7","15"
"70-79 years","Dooly","26","4","9"
"80 & Older years","Dooly","12","3","3"
"Unknown years","Dooly","1","0","0"
"01-04 years","Dougherty","22","0","3"
"05-09 years","Dougherty","40","0","0"
"10-17 years","Dougherty","111","0","3"
"18-29 years","Dougherty","547","2","53"
"30-39 years","Dougherty","475","3","53"
"40-49 years","Dougherty","516","12","82"
"50-59 years","Dougherty","591","17","116"
"60-69 years","Dougherty","490","50","155"
"70-79 years","Dougherty","293","46","122"
"80 & Older years","Dougherty","187","61","83"
"<1 years","Dougherty","13","0","1"
"Unknown years","Dougherty","4","0","0"
"01-04 years","Douglas","40","0","0"
"05-09 years","Douglas","67","0","3"
"10-17 years","Douglas","212","0","2"
"18-29 years","Douglas","883","0","35"
"30-39 years","Douglas","683","3","43"
"40-49 years","Douglas","771","4","73"
"50-59 years","Douglas","642","7","93"
"60-69 years","Douglas","392","15","99"
"70-79 years","Douglas","214","24","67"
"80 & Older years","Douglas","116","19","47"
"<1 years","Douglas","6","0","1"
"Unknown years","Douglas","13","0","0"
"01-04 years","Early","11","0","0"
"05-09 years","Early","15","0","0"
"10-17 years","Early","31","0","0"
"18-29 years","Early","95","0","3"
"30-39 years","Early","73","0","3"
"40-49 years","Early","94","1","7"
"50-59 years","Early","86","2","7"
"60-69 years","Early","65","10","10"
"70-79 years","Early","43","11","7"
"80 & Older years","Early","30","11","6"
"<1 years","Early","2","0","0"
"01-04 years","Echols","2","0","0"
"05-09 years","Echols","4","0","0"
"10-17 years","Echols","12","0","1"
"18-29 years","Echols","104","0","1"
"30-39 years","Echols","45","0","2"
"40-49 years","Echols","27","0","0"
"50-59 years","Echols","27","0","2"
"60-69 years","Echols","11","0","0"
"70-79 years","Echols","11","2","3"
"<1 years","Echols","1","0","0"
"01-04 years","Effingham","14","0","1"
"05-09 years","Effingham","35","0","0"
"10-17 years","Effingham","150","0","0"
"18-29 years","Effingham","363","0","1"
"30-39 years","Effingham","262","1","8"
"40-49 years","Effingham","293","0","10"
"50-59 years","Effingham","299","6","23"
"60-69 years","Effingham","181","1","27"
"70-79 years","Effingham","104","8","22"
"80 & Older years","Effingham","51","11","18"
"<1 years","Effingham","5","0","0"
"Unknown years","Effingham","2","0","1"
"01-04 years","Elbert","8","0","0"
"05-09 years","Elbert","16","0","0"
"10-17 years","Elbert","43","0","0"
"18-29 years","Elbert","144","0","0"
"30-39 years","Elbert","95","0","5"
"40-49 years","Elbert","112","0","4"
"50-59 years","Elbert","118","0","8"
"60-69 years","Elbert","90","0","11"
"70-79 years","Elbert","69","4","11"
"80 & Older years","Elbert","57","5","17"
"<1 years","Elbert","3","0","1"
"Unknown years","Elbert","6","0","0"
"01-04 years","Emanuel","16","0","1"
"05-09 years","Emanuel","12","0","0"
"10-17 years","Emanuel","116","0","2"
"18-29 years","Emanuel","211","1","0"
"30-39 years","Emanuel","163","0","5"
"40-49 years","Emanuel","200","1","6"
"50-59 years","Emanuel","170","3","17"
"60-69 years","Emanuel","149","6","19"
"70-79 years","Emanuel","93","12","19"
"80 & Older years","Emanuel","46","13","14"
"<1 years","Emanuel","4","0","0"
"Unknown years","Emanuel","7","0","1"
"01-04 years","Evans","6","0","0"
"05-09 years","Evans","12","0","0"
"10-17 years","Evans","49","0","0"
"18-29 years","Evans","94","0","2"
"30-39 years","Evans","84","0","3"
"40-49 years","Evans","74","0","6"
"50-59 years","Evans","77","1","12"
"60-69 years","Evans","40","2","9"
"70-79 years","Evans","27","3","9"
"80 & Older years","Evans","11","1","1"
"<1 years","Evans","2","0","0"
"Unknown years","Evans","2","0","0"
"01-04 years","Fannin","6","0","0"
"05-09 years","Fannin","11","0","0"
"10-17 years","Fannin","46","0","0"
"18-29 years","Fannin","122","0","2"
"30-39 years","Fannin","79","0","2"
"40-49 years","Fannin","105","0","5"
"50-59 years","Fannin","119","3","8"
"60-69 years","Fannin","130","6","15"
"70-79 years","Fannin","104","1","16"
"80 & Older years","Fannin","77","18","23"
"<1 years","Fannin","3","0","0"
"Unknown years","Fannin","3","0","0"
"01-04 years","Fayette","19","0","0"
"05-09 years","Fayette","23","0","1"
"10-17 years","Fayette","132","0","1"
"18-29 years","Fayette","474","0","5"
"30-39 years","Fayette","239","0","6"
"40-49 years","Fayette","357","1","16"
"50-59 years","Fayette","364","4","22"
"60-69 years","Fayette","267","10","20"
"70-79 years","Fayette","141","20","32"
"80 & Older years","Fayette","78","21","22"
"<1 years","Fayette","2","0","0"
"Unknown years","Fayette","5","0","0"
"01-04 years","Floyd","47","0","0"
"05-09 years","Floyd","76","0","0"
"10-17 years","Floyd","372","0","7"
"18-29 years","Floyd","817","0","14"
"30-39 years","Floyd","627","2","20"
"40-49 years","Floyd","590","1","32"
"50-59 years","Floyd","498","8","60"
"60-69 years","Floyd","378","13","59"
"70-79 years","Floyd","246","14","64"
"80 & Older years","Floyd","122","20","32"
"<1 years","Floyd","18","0","0"
"Unknown years","Floyd","46","0","1"
"01-04 years","Forsyth","43","0","0"
"05-09 years","Forsyth","96","0","0"
"10-17 years","Forsyth","387","0","0"
"18-29 years","Forsyth","1209","0","25"
"30-39 years","Forsyth","681","0","26"
"40-49 years","Forsyth","784","2","50"
"50-59 years","Forsyth","717","8","66"
"60-69 years","Forsyth","371","6","67"
"70-79 years","Forsyth","201","17","70"
"80 & Older years","Forsyth","114","19","49"
"<1 years","Forsyth","15","0","1"
"Unknown years","Forsyth","29","0","0"
"01-04 years","Franklin","7","0","0"
"05-09 years","Franklin","19","0","0"
"10-17 years","Franklin","74","0","3"
"18-29 years","Franklin","185","0","4"
"30-39 years","Franklin","124","0","1"
"40-49 years","Franklin","129","0","9"
"50-59 years","Franklin","141","0","11"
"60-69 years","Franklin","100","2","13"
"70-79 years","Franklin","56","8","10"
"80 & Older years","Franklin","31","7","13"
"<1 years","Franklin","3","0","1"
"Unknown years","Franklin","18","0","1"
"01-04 years","Fulton","283","0","11"
"05-09 years","Fulton","418","0","7"
"10-17 years","Fulton","1453","1","23"
"18-29 years","Fulton","9160","4","211"
"30-39 years","Fulton","6054","13","311"
"40-49 years","Fulton","4548","26","354"
"50-59 years","Fulton","3784","50","464"
"60-69 years","Fulton","2321","110","453"
"70-79 years","Fulton","1307","151","375"
"80 & Older years","Fulton","1042","258","365"
"<1 years","Fulton","89","0","4"
"Unknown years","Fulton","81","1","6"
"01-04 years","Gilmer","17","0","1"
"05-09 years","Gilmer","15","0","0"
"10-17 years","Gilmer","76","0","2"
"18-29 years","Gilmer","146","0","7"
"30-39 years","Gilmer","143","0","9"
"40-49 years","Gilmer","159","0","9"
"50-59 years","Gilmer","144","3","11"
"60-69 years","Gilmer","151","1","18"
"70-79 years","Gilmer","87","7","19"
"80 & Older years","Gilmer","58","12","15"
"<1 years","Gilmer","6","0","0"
"Unknown years","Gilmer","6","0","0"
"05-09 years","Glascock","1","0","0"
"18-29 years","Glascock","9","0","0"
"30-39 years","Glascock","5","0","0"
"40-49 years","Glascock","8","0","0"
"50-59 years","Glascock","12","1","1"
"60-69 years","Glascock","8","0","0"
"80 & Older years","Glascock","4","1","3"
"<1 years","Glascock","1","0","0"
"01-04 years","Glynn","56","0","1"
"05-09 years","Glynn","96","0","1"
"10-17 years","Glynn","249","0","0"
"18-29 years","Glynn","885","0","15"
"30-39 years","Glynn","591","2","21"
"40-49 years","Glynn","504","3","27"
"50-59 years","Glynn","464","9","56"
"60-69 years","Glynn","376","21","81"
"70-79 years","Glynn","245","28","53"
"80 & Older years","Glynn","178","41","62"
"<1 years","Glynn","14","0","0"
"Unknown years","Glynn","23","0","0"
"01-04 years","Gordon","25","0","0"
"05-09 years","Gordon","38","0","0"
"10-17 years","Gordon","173","0","2"
"18-29 years","Gordon","487","0","7"
"30-39 years","Gordon","368","0","14"
"40-49 years","Gordon","415","0","15"
"50-59 years","Gordon","345","5","20"
"60-69 years","Gordon","225","7","16"
"70-79 years","Gordon","140","16","33"
"80 & Older years","Gordon","67","15","22"
"<1 years","Gordon","3","0","1"
"Unknown years","Gordon","5","0","0"
"01-04 years","Grady","16","0","1"
"05-09 years","Grady","21","0","0"
"10-17 years","Grady","72","0","2"
"18-29 years","Grady","142","0","5"
"30-39 years","Grady","144","0","5"
"40-49 years","Grady","139","0","18"
"50-59 years","Grady","110","3","15"
"60-69 years","Grady","87","2","18"
"70-79 years","Grady","78","8","21"
"80 & Older years","Grady","34","12","13"
"<1 years","Grady","3","0","1"
"Unknown years","Grady","3","0","0"
"01-04 years","Greene","5","0","0"
"05-09 years","Greene","18","0","0"
"10-17 years","Greene","33","0","0"
"18-29 years","Greene","135","0","4"
"30-39 years","Greene","78","0","5"
"40-49 years","Greene","65","3","7"
"50-59 years","Greene","71","3","7"
"60-69 years","Greene","72","2","9"
"70-79 years","Greene","53","5","13"
"80 & Older years","Greene","34","12","15"
"<1 years","Greene","1","0","1"
"Unknown years","Greene","1","0","0"
"01-04 years","Gwinnett","461","0","11"
"05-09 years","Gwinnett","657","0","10"
"10-17 years","Gwinnett","1949","1","42"
"18-29 years","Gwinnett","7596","1","331"
"30-39 years","Gwinnett","5303","10","361"
"40-49 years","Gwinnett","5591","25","477"
"50-59 years","Gwinnett","4365","51","504"
"60-69 years","Gwinnett","2355","84","477"
"70-79 years","Gwinnett","984","88","313"
"80 & Older years","Gwinnett","692","178","336"
"<1 years","Gwinnett","118","0","4"
"Unknown years","Gwinnett","38","0","0"
"01-04 years","Habersham","12","0","1"
"05-09 years","Habersham","14","0","0"
"10-17 years","Habersham","86","1","5"
"18-29 years","Habersham","378","0","7"
"30-39 years","Habersham","265","2","19"
"40-49 years","Habersham","282","1","24"
"50-59 years","Habersham","289","4","28"
"60-69 years","Habersham","218","8","62"
"70-79 years","Habersham","154","16","50"
"80 & Older years","Habersham","146","43","45"
"<1 years","Habersham","4","0","1"
"Unknown years","Habersham","13","0","1"
"01-04 years","Hall","79","0","3"
"05-09 years","Hall","169","0","1"
"10-17 years","Hall","680","0","13"
"18-29 years","Hall","2521","3","95"
"30-39 years","Hall","1590","1","94"
"40-49 years","Hall","1701","7","149"
"50-59 years","Hall","1676","13","203"
"60-69 years","Hall","979","36","185"
"70-79 years","Hall","582","37","159"
"80 & Older years","Hall","401","76","164"
"<1 years","Hall","18","0","5"
"Unknown years","Hall","133","0","7"
"01-04 years","Hancock","3","0","0"
"05-09 years","Hancock","3","0","0"
"10-17 years","Hancock","15","0","0"
"18-29 years","Hancock","48","0","1"
"30-39 years","Hancock","42","0","2"
"40-49 years","Hancock","59","1","4"
"50-59 years","Hancock","65","2","7"
"60-69 years","Hancock","88","12","21"
"70-79 years","Hancock","47","12","16"
"80 & Older years","Hancock","43","17","17"
"<1 years","Hancock","1","0","0"
"01-04 years","Haralson","8","0","0"
"05-09 years","Haralson","11","0","0"
"10-17 years","Haralson","58","0","1"
"18-29 years","Haralson","148","0","1"
"30-39 years","Haralson","99","0","2"
"40-49 years","Haralson","82","1","4"
"50-59 years","Haralson","78","0","1"
"60-69 years","Haralson","70","3","9"
"70-79 years","Haralson","48","6","10"
"80 & Older years","Haralson","19","0","3"
"<1 years","Haralson","4","0","0"
"01-04 years","Harris","12","0","0"
"05-09 years","Harris","8","0","0"
"10-17 years","Harris","69","0","2"
"18-29 years","Harris","139","0","2"
"30-39 years","Harris","90","0","3"
"40-49 years","Harris","135","1","6"
"50-59 years","Harris","152","4","15"
"60-69 years","Harris","149","9","37"
"70-79 years","Harris","67","7","21"
"80 & Older years","Harris","24","4","6"
"<1 years","Harris","2","0","0"
"01-04 years","Hart","8","0","0"
"05-09 years","Hart","11","0","1"
"10-17 years","Hart","26","0","0"
"18-29 years","Hart","99","0","0"
"30-39 years","Hart","79","0","4"
"40-49 years","Hart","87","0","6"
"50-59 years","Hart","103","1","12"
"60-69 years","Hart","78","5","20"
"70-79 years","Hart","38","3","7"
"80 & Older years","Hart","34","7","20"
"<1 years","Hart","1","0","1"
"Unknown years","Hart","2","0","0"
"01-04 years","Heard","2","0","0"
"05-09 years","Heard","8","0","0"
"10-17 years","Heard","16","0","1"
"18-29 years","Heard","46","0","0"
"30-39 years","Heard","23","0","1"
"40-49 years","Heard","40","0","2"
"50-59 years","Heard","31","0","2"
"60-69 years","Heard","31","1","3"
"70-79 years","Heard","18","3","5"
"80 & Older years","Heard","6","2","1"
"Unknown years","Heard","1","0","0"
"01-04 years","Henry","50","0","1"
"05-09 years","Henry","97","0","1"
"10-17 years","Henry","346","0","2"
"18-29 years","Henry","1330","0","19"
"30-39 years","Henry","1065","3","24"
"40-49 years","Henry","1152","7","45"
"50-59 years","Henry","1025","11","70"
"60-69 years","Henry","526","21","40"
"70-79 years","Henry","282","31","43"
"80 & Older years","Henry","159","39","29"
"<1 years","Henry","13","0","2"
"Unknown years","Henry","5","0","0"
"01-04 years","Houston","40","0","1"
"05-09 years","Houston","65","0","1"
"10-17 years","Houston","196","0","3"
"18-29 years","Houston","812","2","25"
"30-39 years","Houston","658","1","38"
"40-49 years","Houston","621","2","63"
"50-59 years","Houston","537","9","65"
"60-69 years","Houston","323","22","75"
"70-79 years","Houston","185","32","75"
"80 & Older years","Houston","96","24","48"
"<1 years","Houston","10","0","1"
"Unknown years","Houston","1","0","0"
"01-04 years","Irwin","3","0","0"
"05-09 years","Irwin","7","0","0"
"10-17 years","Irwin","25","0","0"
"18-29 years","Irwin","61","0","3"
"30-39 years","Irwin","57","0","4"
"40-49 years","Irwin","67","0","4"
"50-59 years","Irwin","52","0","5"
"60-69 years","Irwin","43","1","13"
"70-79 years","Irwin","19","2","1"
"80 & Older years","Irwin","18","3","10"
"01-04 years","Jackson","15","0","0"
"05-09 years","Jackson","40","0","0"
"10-17 years","Jackson","203","0","1"
"18-29 years","Jackson","485","0","9"
"30-39 years","Jackson","362","0","12"
"40-49 years","Jackson","383","1","31"
"50-59 years","Jackson","383","4","33"
"60-69 years","Jackson","214","5","28"
"70-79 years","Jackson","147","12","41"
"80 & Older years","Jackson","74","18","32"
"<1 years","Jackson","6","0","2"
"Unknown years","Jackson","11","0","1"
"05-09 years","Jasper","4","0","0"
"10-17 years","Jasper","9","0","0"
"18-29 years","Jasper","53","0","1"
"30-39 years","Jasper","40","0","0"
"40-49 years","Jasper","30","0","2"
"50-59 years","Jasper","49","0","6"
"60-69 years","Jasper","34","3","8"
"70-79 years","Jasper","16","1","3"
"80 & Older years","Jasper","6","0","0"
"<1 years","Jasper","2","0","0"
"01-04 years","Jeff Davis","20","0","1"
"05-09 years","Jeff Davis","22","0","0"
"10-17 years","Jeff Davis","63","0","2"
"18-29 years","Jeff Davis","156","0","2"
"30-39 years","Jeff Davis","133","0","5"
"40-49 years","Jeff Davis","126","0","11"
"50-59 years","Jeff Davis","118","2","8"
"60-69 years","Jeff Davis","82","5","14"
"70-79 years","Jeff Davis","49","11","14"
"80 & Older years","Jeff Davis","11","5","5"
"<1 years","Jeff Davis","2","0","1"
"Unknown years","Jeff Davis","1","0","0"
"01-04 years","Jefferson","16","0","0"
"05-09 years","Jefferson","20","0","0"
"10-17 years","Jefferson","51","0","0"
"18-29 years","Jefferson","133","0","2"
"30-39 years","Jefferson","105","0","6"
"40-49 years","Jefferson","120","3","9"
"50-59 years","Jefferson","151","2","14"
"60-69 years","Jefferson","122","6","17"
"70-79 years","Jefferson","87","9","18"
"80 & Older years","Jefferson","37","12","16"
"<1 years","Jefferson","4","0","0"
"Unknown years","Jefferson","3","0","0"
"01-04 years","Jenkins","5","0","0"
"05-09 years","Jenkins","12","0","0"
"10-17 years","Jenkins","38","0","0"
"18-29 years","Jenkins","72","0","2"
"30-39 years","Jenkins","43","1","3"
"40-49 years","Jenkins","69","2","8"
"50-59 years","Jenkins","79","5","13"
"60-69 years","Jenkins","60","5","9"
"70-79 years","Jenkins","39","11","19"
"80 & Older years","Jenkins","44","8","11"
"<1 years","Jenkins","2","0","0"
"01-04 years","Johnson","4","0","0"
"05-09 years","Johnson","5","0","0"
"10-17 years","Johnson","14","0","0"
"18-29 years","Johnson","75","0","2"
"30-39 years","Johnson","48","0","3"
"40-49 years","Johnson","54","1","6"
"50-59 years","Johnson","72","0","12"
"60-69 years","Johnson","68","5","12"
"70-79 years","Johnson","50","6","13"
"80 & Older years","Johnson","50","10","12"
"01-04 years","Jones","2","0","0"
"05-09 years","Jones","7","0","0"
"10-17 years","Jones","26","0","0"
"18-29 years","Jones","167","0","3"
"30-39 years","Jones","97","0","3"
"40-49 years","Jones","95","1","5"
"50-59 years","Jones","103","1","12"
"60-69 years","Jones","72","1","12"
"70-79 years","Jones","38","4","14"
"80 & Older years","Jones","30","8","5"
"<1 years","Jones","1","0","0"
"01-04 years","Lamar","5","0","0"
"05-09 years","Lamar","15","0","0"
"10-17 years","Lamar","27","0","1"
"18-29 years","Lamar","57","0","1"
"30-39 years","Lamar","51","0","1"
"40-49 years","Lamar","57","1","2"
"50-59 years","Lamar","62","1","9"
"60-69 years","Lamar","54","3","9"
"70-79 years","Lamar","43","4","10"
"80 & Older years","Lamar","28","10","12"
"<1 years","Lamar","3","0","0"
"Unknown years","Lamar","1","0","0"
"01-04 years","Lanier","5","0","0"
"05-09 years","Lanier","8","0","1"
"10-17 years","Lanier","19","0","1"
"18-29 years","Lanier","71","1","0"
"30-39 years","Lanier","83","0","1"
"40-49 years","Lanier","41","1","1"
"50-59 years","Lanier","39","0","3"
"60-69 years","Lanier","23","1","1"
"70-79 years","Lanier","13","4","4"
"80 & Older years","Lanier","9","0","4"
"<1 years","Lanier","3","0","0"
"Unknown years","Lanier","2","0","0"
"01-04 years","Laurens","14","0","0"
"05-09 years","Laurens","17","0","0"
"10-17 years","Laurens","121","0","1"
"18-29 years","Laurens","350","0","4"
"30-39 years","Laurens","258","0","6"
"40-49 years","Laurens","280","3","14"
"50-59 years","Laurens","313","5","33"
"60-69 years","Laurens","264","20","42"
"70-79 years","Laurens","189","25","39"
"80 & Older years","Laurens","122","33","28"
"<1 years","Laurens","6","0","0"
"Unknown years","Laurens","10","0","0"
"01-04 years","Lee","7","0","0"
"05-09 years","Lee","11","0","2"
"10-17 years","Lee","41","0","1"
"18-29 years","Lee","119","1","6"
"30-39 years","Lee","143","1","13"
"40-49 years","Lee","135","3","17"
"50-59 years","Lee","129","5","23"
"60-69 years","Lee","89","6","17"
"70-79 years","Lee","47","6","19"
"80 & Older years","Lee","20","5","10"
"<1 years","Lee","3","0","0"
"01-04 years","Liberty","11","0","0"
"05-09 years","Liberty","25","0","1"
"10-17 years","Liberty","79","0","1"
"18-29 years","Liberty","292","1","9"
"30-39 years","Liberty","212","0","7"
"40-49 years","Liberty","195","0","9"
"50-59 years","Liberty","164","1","25"
"60-69 years","Liberty","127","7","24"
"70-79 years","Liberty","61","9","24"
"80 & Older years","Liberty","39","7","16"
"<1 years","Liberty","13","0","1"
"Unknown years","Liberty","10","0","0"
"01-04 years","Lincoln","3","0","0"
"05-09 years","Lincoln","7","0","0"
"10-17 years","Lincoln","10","0","0"
"18-29 years","Lincoln","47","0","2"
"30-39 years","Lincoln","30","0","1"
"40-49 years","Lincoln","38","0","3"
"50-59 years","Lincoln","31","0","2"
"60-69 years","Lincoln","33","2","8"
"70-79 years","Lincoln","20","1","7"
"80 & Older years","Lincoln","11","4","4"
"<1 years","Lincoln","1","0","0"
"01-04 years","Long","10","0","0"
"05-09 years","Long","3","0","0"
"10-17 years","Long","16","0","0"
"18-29 years","Long","53","0","0"
"30-39 years","Long","66","0","0"
"40-49 years","Long","38","0","2"
"50-59 years","Long","35","1","5"
"60-69 years","Long","30","0","3"
"70-79 years","Long","15","3","5"
"80 & Older years","Long","4","0","2"
"<1 years","Long","3","0","0"
"Unknown years","Long","1","0","1"
"01-04 years","Lowndes","66","0","0"
"05-09 years","Lowndes","97","0","0"
"10-17 years","Lowndes","336","0","4"
"18-29 years","Lowndes","1363","3","22"
"30-39 years","Lowndes","700","0","14"
"40-49 years","Lowndes","628","1","29"
"50-59 years","Lowndes","510","6","36"
"60-69 years","Lowndes","342","15","42"
"70-79 years","Lowndes","194","27","33"
"80 & Older years","Lowndes","124","33","34"
"<1 years","Lowndes","17","0","0"
"Unknown years","Lowndes","22","0","0"
"01-04 years","Lumpkin","5","0","0"
"05-09 years","Lumpkin","11","0","0"
"10-17 years","Lumpkin","51","0","2"
"18-29 years","Lumpkin","285","0","3"
"30-39 years","Lumpkin","113","0","5"
"40-49 years","Lumpkin","128","0","10"
"50-59 years","Lumpkin","135","2","13"
"60-69 years","Lumpkin","143","4","18"
"70-79 years","Lumpkin","109","4","28"
"80 & Older years","Lumpkin","40","5","20"
"<1 years","Lumpkin","2","0","1"
"Unknown years","Lumpkin","13","0","0"
"01-04 years","Macon","5","0","0"
"05-09 years","Macon","6","0","0"
"10-17 years","Macon","8","0","0"
"18-29 years","Macon","41","0","1"
"30-39 years","Macon","27","0","3"
"40-49 years","Macon","47","1","5"
"50-59 years","Macon","50","3","9"
"60-69 years","Macon","29","3","16"
"70-79 years","Macon","23","1","10"
"80 & Older years","Macon","11","2","5"
"<1 years","Macon","1","0","0"
"01-04 years","Madison","14","0","0"
"05-09 years","Madison","12","0","0"
"10-17 years","Madison","79","0","0"
"18-29 years","Madison","145","0","1"
"30-39 years","Madison","125","0","5"
"40-49 years","Madison","126","0","8"
"50-59 years","Madison","133","1","15"
"60-69 years","Madison","70","2","14"
"70-79 years","Madison","46","6","18"
"80 & Older years","Madison","12","2","2"
"<1 years","Madison","8","0","1"
"Unknown years","Madison","1","0","0"
"01-04 years","Marion","2","0","0"
"05-09 years","Marion","2","0","0"
"10-17 years","Marion","13","0","0"
"18-29 years","Marion","33","0","0"
"30-39 years","Marion","23","0","2"
"40-49 years","Marion","33","1","5"
"50-59 years","Marion","30","2","5"
"60-69 years","Marion","27","3","3"
"70-79 years","Marion","16","1","3"
"80 & Older years","Marion","16","2","5"
"<1 years","Marion","1","0","0"
"01-04 years","McDuffie","4","0","0"
"05-09 years","McDuffie","6","0","0"
"10-17 years","McDuffie","35","0","0"
"18-29 years","McDuffie","139","0","3"
"30-39 years","McDuffie","102","1","2"
"40-49 years","McDuffie","111","2","8"
"50-59 years","McDuffie","116","2","16"
"60-69 years","McDuffie","85","2","12"
"70-79 years","McDuffie","58","5","25"
"80 & Older years","McDuffie","17","3","11"
"05-09 years","McIntosh","3","0","0"
"10-17 years","McIntosh","17","0","0"
"18-29 years","McIntosh","58","0","2"
"30-39 years","McIntosh","45","0","3"
"40-49 years","McIntosh","49","0","3"
"50-59 years","McIntosh","51","0","2"
"60-69 years","McIntosh","40","2","11"
"70-79 years","McIntosh","32","3","9"
"80 & Older years","McIntosh","6","2","2"
"<1 years","McIntosh","1","0","0"
"Unknown years","McIntosh","1","0","0"
"01-04 years","Meriwether","10","0","1"
"05-09 years","Meriwether","11","0","1"
"10-17 years","Meriwether","15","0","0"
"18-29 years","Meriwether","92","0","3"
"30-39 years","Meriwether","90","2","11"
"40-49 years","Meriwether","112","1","11"
"50-59 years","Meriwether","88","1","11"
"60-69 years","Meriwether","75","2","15"
"70-79 years","Meriwether","54","3","16"
"80 & Older years","Meriwether","35","7","9"
"<1 years","Meriwether","2","0","0"
"Unknown years","Meriwether","1","0","0"
"01-04 years","Miller","3","0","0"
"05-09 years","Miller","3","0","0"
"10-17 years","Miller","22","0","0"
"18-29 years","Miller","54","0","0"
"30-39 years","Miller","53","0","0"
"40-49 years","Miller","42","0","1"
"50-59 years","Miller","64","0","6"
"60-69 years","Miller","39","2","3"
"70-79 years","Miller","14","0","1"
"80 & Older years","Miller","10","0","2"
"<1 years","Miller","2","0","0"
"01-04 years","Mitchell","3","0","0"
"05-09 years","Mitchell","11","0","0"
"10-17 years","Mitchell","41","0","0"
"18-29 years","Mitchell","129","0","6"
"30-39 years","Mitchell","120","1","12"
"40-49 years","Mitchell","130","2","12"
"50-59 years","Mitchell","165","7","42"
"60-69 years","Mitchell","128","10","38"
"70-79 years","Mitchell","68","8","25"
"80 & Older years","Mitchell","50","17","18"
"Unknown years","Mitchell","3","0","1"
"01-04 years","Monroe","3","0","0"
"05-09 years","Monroe","6","0","0"
"10-17 years","Monroe","35","0","0"
"18-29 years","Monroe","130","0","1"
"30-39 years","Monroe","83","0","3"
"40-49 years","Monroe","96","1","9"
"50-59 years","Monroe","133","2","12"
"60-69 years","Monroe","104","8","23"
"70-79 years","Monroe","74","14","22"
"80 & Older years","Monroe","82","28","17"
"<1 years","Monroe","3","0","1"
"01-04 years","Montgomery","5","0","0"
"05-09 years","Montgomery","3","0","0"
"10-17 years","Montgomery","21","0","1"
"18-29 years","Montgomery","85","0","0"
"30-39 years","Montgomery","52","1","3"
"40-49 years","Montgomery","74","0","2"
"50-59 years","Montgomery","51","1","5"
"60-69 years","Montgomery","42","3","8"
"70-79 years","Montgomery","23","2","5"
"80 & Older years","Montgomery","10","2","2"
"<1 years","Montgomery","2","0","0"
"01-04 years","Morgan","14","0","0"
"05-09 years","Morgan","9","0","0"
"10-17 years","Morgan","45","0","0"
"18-29 years","Morgan","114","0","2"
"30-39 years","Morgan","70","0","5"
"40-49 years","Morgan","74","0","3"
"50-59 years","Morgan","84","0","7"
"60-69 years","Morgan","59","1","4"
"70-79 years","Morgan","23","1","8"
"80 & Older years","Morgan","23","4","11"
"<1 years","Morgan","5","0","0"
"Unknown years","Morgan","1","0","0"
"01-04 years","Murray","15","0","1"
"05-09 years","Murray","11","0","1"
"10-17 years","Murray","68","0","0"
"18-29 years","Murray","239","0","2"
"30-39 years","Murray","151","0","2"
"40-49 years","Murray","191","0","11"
"50-59 years","Murray","162","1","12"
"60-69 years","Murray","93","1","11"
"70-79 years","Murray","57","5","17"
"80 & Older years","Murray","12","2","5"
"<1 years","Murray","4","0","0"
"Unknown years","Murray","2","0","0"
"01-04 years","Muscogee","101","0","3"
"05-09 years","Muscogee","125","0","0"
"10-17 years","Muscogee","317","0","3"
"18-29 years","Muscogee","1639","3","40"
"30-39 years","Muscogee","1035","2","58"
"40-49 years","Muscogee","868","3","60"
"50-59 years","Muscogee","885","22","133"
"60-69 years","Muscogee","706","42","171"
"70-79 years","Muscogee","380","44","118"
"80 & Older years","Muscogee","214","57","98"
"<1 years","Muscogee","35","0","2"
"Unknown years","Muscogee","8","0","0"
"01-04 years","Newton","34","0","2"
"05-09 years","Newton","41","0","0"
"10-17 years","Newton","130","0","1"
"18-29 years","Newton","561","0","18"
"30-39 years","Newton","458","0","34"
"40-49 years","Newton","533","0","48"
"50-59 years","Newton","488","7","63"
"60-69 years","Newton","258","15","49"
"70-79 years","Newton","175","27","47"
"80 & Older years","Newton","137","46","33"
"<1 years","Newton","11","0","1"
"Unknown years","Newton","3","0","0"
"01-04 years","Non-GA Resident/Unknown State","160","0","0"
"05-09 years","Non-GA Resident/Unknown State","256","0","4"
"10-17 years","Non-GA Resident/Unknown State","899","0","6"
"18-29 years","Non-GA Resident/Unknown State","3674","4","44"
"30-39 years","Non-GA Resident/Unknown State","2387","3","53"
"40-49 years","Non-GA Resident/Unknown State","2068","5","60"
"50-59 years","Non-GA Resident/Unknown State","1891","22","123"
"60-69 years","Non-GA Resident/Unknown State","1232","46","147"
"70-79 years","Non-GA Resident/Unknown State","725","52","131"
"80 & Older years","Non-GA Resident/Unknown State","424","50","103"
"<1 years","Non-GA Resident/Unknown State","91","0","1"
"Unknown years","Non-GA Resident/Unknown State","473","0","5"
"01-04 years","Oconee","3","0","0"
"05-09 years","Oconee","11","0","0"
"10-17 years","Oconee","60","0","0"
"18-29 years","Oconee","242","0","2"
"30-39 years","Oconee","94","0","2"
"40-49 years","Oconee","122","0","8"
"50-59 years","Oconee","131","2","4"
"60-69 years","Oconee","84","9","16"
"70-79 years","Oconee","56","6","14"
"80 & Older years","Oconee","47","12","22"
"<1 years","Oconee","1","0","0"
"01-04 years","Oglethorpe","4","0","0"
"05-09 years","Oglethorpe","11","0","0"
"10-17 years","Oglethorpe","32","0","0"
"18-29 years","Oglethorpe","80","0","1"
"30-39 years","Oglethorpe","44","0","0"
"40-49 years","Oglethorpe","57","0","4"
"50-59 years","Oglethorpe","57","1","12"
"60-69 years","Oglethorpe","38","0","8"
"70-79 years","Oglethorpe","39","1","10"
"80 & Older years","Oglethorpe","39","9","12"
"<1 years","Oglethorpe","3","0","0"
"01-04 years","Paulding","37","0","1"
"05-09 years","Paulding","72","0","0"
"10-17 years","Paulding","266","0","5"
"18-29 years","Paulding","676","0","6"
"30-39 years","Paulding","492","1","15"
"40-49 years","Paulding","542","3","14"
"50-59 years","Paulding","498","7","31"
"60-69 years","Paulding","264","9","35"
"70-79 years","Paulding","147","15","32"
"80 & Older years","Paulding","81","25","13"
"<1 years","Paulding","8","0","0"
"Unknown years","Paulding","8","0","0"
"01-04 years","Peach","8","0","0"
"05-09 years","Peach","12","0","0"
"10-17 years","Peach","23","0","1"
"18-29 years","Peach","167","1","7"
"30-39 years","Peach","140","0","9"
"40-49 years","Peach","109","2","9"
"50-59 years","Peach","119","3","24"
"60-69 years","Peach","100","7","29"
"70-79 years","Peach","43","4","17"
"80 & Older years","Peach","32","8","16"
"<1 years","Peach","4","0","0"
"Unknown years","Peach","1","0","0"
"01-04 years","Pickens","12","0","1"
"05-09 years","Pickens","10","0","0"
"10-17 years","Pickens","33","0","0"
"18-29 years","Pickens","139","0","4"
"30-39 years","Pickens","87","0","5"
"40-49 years","Pickens","139","0","7"
"50-59 years","Pickens","126","0","8"
"60-69 years","Pickens","96","0","13"
"70-79 years","Pickens","61","6","19"
"80 & Older years","Pickens","29","4","8"
"<1 years","Pickens","1","0","0"
"Unknown years","Pickens","2","0","0"
"01-04 years","Pierce","6","0","0"
"05-09 years","Pierce","9","0","0"
"10-17 years","Pierce","38","1","1"
"18-29 years","Pierce","130","0","3"
"30-39 years","Pierce","80","0","3"
"40-49 years","Pierce","117","0","11"
"50-59 years","Pierce","96","3","10"
"60-69 years","Pierce","87","6","26"
"70-79 years","Pierce","60","6","21"
"80 & Older years","Pierce","32","8","8"
"<1 years","Pierce","3","0","0"
"Unknown years","Pierce","3","0","0"
"01-04 years","Pike","11","0","0"
"05-09 years","Pike","6","0","0"
"10-17 years","Pike","33","0","0"
"18-29 years","Pike","67","0","1"
"30-39 years","Pike","52","0","2"
"40-49 years","Pike","70","1","3"
"50-59 years","Pike","52","2","6"
"60-69 years","Pike","41","1","9"
"70-79 years","Pike","37","5","8"
"80 & Older years","Pike","11","3","3"
"Unknown years","Pike","1","0","0"
"01-04 years","Polk","20","0","1"
"05-09 years","Polk","33","0","0"
"10-17 years","Polk","154","0","1"
"18-29 years","Polk","396","0","1"
"30-39 years","Polk","244","0","5"
"40-49 years","Polk","281","1","22"
"50-59 years","Polk","241","3","31"
"60-69 years","Polk","136","7","27"
"70-79 years","Polk","107","6","25"
"80 & Older years","Polk","49","10","18"
"<1 years","Polk","5","0","0"
"Unknown years","Polk","22","0","0"
"05-09 years","Pulaski","3","0","0"
"10-17 years","Pulaski","19","0","1"
"18-29 years","Pulaski","45","0","1"
"30-39 years","Pulaski","43","0","2"
"40-49 years","Pulaski","46","0","6"
"50-59 years","Pulaski","62","0","5"
"60-69 years","Pulaski","53","5","7"
"70-79 years","Pulaski","33","10","13"
"80 & Older years","Pulaski","28","8","4"
"01-04 years","Putnam","10","0","0"
"05-09 years","Putnam","26","0","0"
"10-17 years","Putnam","50","0","1"
"18-29 years","Putnam","151","0","3"
"30-39 years","Putnam","92","0","4"
"40-49 years","Putnam","107","1","5"
"50-59 years","Putnam","122","1","10"
"60-69 years","Putnam","103","8","15"
"70-79 years","Putnam","74","9","22"
"80 & Older years","Putnam","45","8","15"
"<1 years","Putnam","4","0","0"
"01-04 years","Quitman","1","0","0"
"10-17 years","Quitman","2","0","0"
"18-29 years","Quitman","7","0","0"
"30-39 years","Quitman","3","0","1"
"40-49 years","Quitman","2","0","1"
"50-59 years","Quitman","4","0","0"
"60-69 years","Quitman","15","1","3"
"70-79 years","Quitman","2","0","1"
"80 & Older years","Quitman","2","0","1"
"01-04 years","Rabun","4","0","0"
"05-09 years","Rabun","6","0","0"
"10-17 years","Rabun","28","0","0"
"18-29 years","Rabun","85","0","5"
"30-39 years","Rabun","64","1","4"
"40-49 years","Rabun","49","0","2"
"50-59 years","Rabun","58","0","6"
"60-69 years","Rabun","63","1","13"
"70-79 years","Rabun","34","4","13"
"80 & Older years","Rabun","25","5","10"
"<1 years","Rabun","2","0","1"
"Unknown years","Rabun","2","0","0"
"05-09 years","Randolph","2","0","0"
"10-17 years","Randolph","4","0","0"
"18-29 years","Randolph","42","0","0"
"30-39 years","Randolph","49","2","2"
"40-49 years","Randolph","39","0","3"
"50-59 years","Randolph","71","3","14"
"60-69 years","Randolph","52","7","12"
"70-79 years","Randolph","30","3","9"
"80 & Older years","Randolph","46","14","16"
"<1 years","Randolph","1","0","0"
"Unknown years","Randolph","2","0","0"
"01-04 years","Richmond","73","0","0"
"05-09 years","Richmond","124","0","2"
"10-17 years","Richmond","434","0","2"
"18-29 years","Richmond","1880","3","22"
"30-39 years","Richmond","1368","3","44"
"40-49 years","Richmond","1181","12","61"
"50-59 years","Richmond","1165","16","106"
"60-69 years","Richmond","807","30","112"
"70-79 years","Richmond","448","35","122"
"80 & Older years","Richmond","320","76","148"
"<1 years","Richmond","34","0","2"
"Unknown years","Richmond","11","0","0"
"01-04 years","Rockdale","29","0","0"
"05-09 years","Rockdale","45","0","0"
"10-17 years","Rockdale","113","0","1"
"18-29 years","Rockdale","435","2","22"
"30-39 years","Rockdale","349","2","36"
"40-49 years","Rockdale","371","4","44"
"50-59 years","Rockdale","371","5","45"
"60-69 years","Rockdale","213","9","59"
"70-79 years","Rockdale","103","13","40"
"80 & Older years","Rockdale","42","5","18"
"<1 years","Rockdale","1","0","0"
"Unknown years","Rockdale","1","0","0"
"01-04 years","Schley","4","0","0"
"05-09 years","Schley","3","0","0"
"10-17 years","Schley","12","0","0"
"18-29 years","Schley","25","0","1"
"30-39 years","Schley","10","0","0"
"40-49 years","Schley","13","0","2"
"50-59 years","Schley","16","0","3"
"60-69 years","Schley","16","1","7"
"70-79 years","Schley","6","0","2"
"80 & Older years","Schley","3","1","1"
"<1 years","Schley","1","0","0"
"01-04 years","Screven","2","0","0"
"05-09 years","Screven","7","0","0"
"10-17 years","Screven","41","0","0"
"18-29 years","Screven","83","0","3"
"30-39 years","Screven","56","0","2"
"40-49 years","Screven","59","1","4"
"50-59 years","Screven","57","0","9"
"60-69 years","Screven","72","1","12"
"70-79 years","Screven","39","3","10"
"80 & Older years","Screven","28","6","7"
"<1 years","Screven","2","0","0"
"Unknown years","Screven","1","0","0"
"01-04 years","Seminole","12","0","0"
"05-09 years","Seminole","9","0","0"
"10-17 years","Seminole","38","0","0"
"18-29 years","Seminole","57","0","0"
"30-39 years","Seminole","48","0","0"
"40-49 years","Seminole","55","0","2"
"50-59 years","Seminole","57","1","6"
"60-69 years","Seminole","61","1","9"
"70-79 years","Seminole","37","5","7"
"80 & Older years","Seminole","14","4","6"
"<1 years","Seminole","2","0","0"
"01-04 years","Spalding","21","0","0"
"05-09 years","Spalding","12","0","0"
"10-17 years","Spalding","71","0","2"
"18-29 years","Spalding","265","0","10"
"30-39 years","Spalding","239","1","19"
"40-49 years","Spalding","230","2","21"
"50-59 years","Spalding","251","6","46"
"60-69 years","Spalding","202","11","36"
"70-79 years","Spalding","129","17","38"
"80 & Older years","Spalding","124","25","32"
"<1 years","Spalding","1","0","0"
"Unknown years","Spalding","4","0","0"
"01-04 years","Stephens","8","0","0"
"05-09 years","Stephens","22","0","0"
"10-17 years","Stephens","65","0","1"
"18-29 years","Stephens","231","0","8"
"30-39 years","Stephens","140","0","6"
"40-49 years","Stephens","169","1","14"
"50-59 years","Stephens","185","3","19"
"60-69 years","Stephens","194","9","35"
"70-79 years","Stephens","148","11","28"
"80 & Older years","Stephens","92","17","19"
"<1 years","Stephens","1","0","0"
"Unknown years","Stephens","7","0","0"
"01-04 years","Stewart","1","0","0"
"05-09 years","Stewart","2","0","0"
"10-17 years","Stewart","10","0","0"
"18-29 years","Stewart","109","0","10"
"30-39 years","Stewart","150","1","15"
"40-49 years","Stewart","103","1","14"
"50-59 years","Stewart","59","1","10"
"60-69 years","Stewart","47","7","21"
"70-79 years","Stewart","21","2","3"
"80 & Older years","Stewart","17","4","4"
"<1 years","Stewart","1","0","0"
"Unknown years","Stewart","14","0","4"
"01-04 years","Sumter","8","0","0"
"05-09 years","Sumter","14","0","0"
"10-17 years","Sumter","24","0","2"
"18-29 years","Sumter","170","1","6"
"30-39 years","Sumter","135","1","16"
"40-49 years","Sumter","125","3","18"
"50-59 years","Sumter","151","2","37"
"60-69 years","Sumter","152","20","56"
"70-79 years","Sumter","109","20","36"
"80 & Older years","Sumter","69","22","35"
"<1 years","Sumter","1","0","0"
"Unknown years","Sumter","1","0","0"
"01-04 years","Talbot","1","0","0"
"05-09 years","Talbot","1","0","0"
"10-17 years","Talbot","16","0","0"
"18-29 years","Talbot","21","0","1"
"30-39 years","Talbot","15","0","1"
"40-49 years","Talbot","35","1","4"
"50-59 years","Talbot","30","1","4"
"60-69 years","Talbot","25","2","8"
"70-79 years","Talbot","17","1","2"
"80 & Older years","Talbot","11","2","5"
"Unknown years","Talbot","1","0","0"
"10-17 years","Taliaferro","1","0","0"
"18-29 years","Taliaferro","2","0","0"
"30-39 years","Taliaferro","3","0","0"
"40-49 years","Taliaferro","7","0","1"
"50-59 years","Taliaferro","6","0","0"
"60-69 years","Taliaferro","1","0","0"
"70-79 years","Taliaferro","4","0","0"
"80 & Older years","Taliaferro","1","0","1"
"01-04 years","Tattnall","18","0","0"
"05-09 years","Tattnall","27","0","0"
"10-17 years","Tattnall","73","0","0"
"18-29 years","Tattnall","202","0","1"
"30-39 years","Tattnall","130","0","3"
"40-49 years","Tattnall","144","0","5"
"50-59 years","Tattnall","141","3","14"
"60-69 years","Tattnall","111","4","17"
"70-79 years","Tattnall","46","5","19"
"80 & Older years","Tattnall","17","1","6"
"<1 years","Tattnall","4","0","0"
"Unknown years","Tattnall","2","0","1"
"01-04 years","Taylor","9","0","0"
"05-09 years","Taylor","6","0","0"
"10-17 years","Taylor","28","0","1"
"18-29 years","Taylor","43","0","0"
"30-39 years","Taylor","19","0","3"
"40-49 years","Taylor","33","1","3"
"50-59 years","Taylor","29","0","6"
"60-69 years","Taylor","24","4","9"
"70-79 years","Taylor","21","2","6"
"80 & Older years","Taylor","13","5","4"
"<1 years","Taylor","1","0","0"
"01-04 years","Telfair","6","0","0"
"05-09 years","Telfair","6","0","0"
"10-17 years","Telfair","8","0","0"
"18-29 years","Telfair","74","0","2"
"30-39 years","Telfair","49","0","1"
"40-49 years","Telfair","71","0","5"
"50-59 years","Telfair","67","3","6"
"60-69 years","Telfair","76","4","13"
"70-79 years","Telfair","51","6","11"
"80 & Older years","Telfair","31","11","6"
"<1 years","Telfair","3","0","0"
"Unknown years","Telfair","2","0","0"
"01-04 years","Terrell","4","0","0"
"05-09 years","Terrell","1","0","0"
"10-17 years","Terrell","17","0","0"
"18-29 years","Terrell","39","0","1"
"30-39 years","Terrell","49","0","8"
"40-49 years","Terrell","42","0","7"
"50-59 years","Terrell","58","3","8"
"60-69 years","Terrell","66","9","24"
"70-79 years","Terrell","42","12","19"
"80 & Older years","Terrell","22","8","7"
"01-04 years","Thomas","24","0","0"
"05-09 years","Thomas","24","0","0"
"10-17 years","Thomas","87","0","0"
"18-29 years","Thomas","280","1","11"
"30-39 years","Thomas","234","0","10"
"40-49 years","Thomas","240","4","16"
"50-59 years","Thomas","250","4","21"
"60-69 years","Thomas","223","8","49"
"70-79 years","Thomas","132","21","34"
"80 & Older years","Thomas","88","31","31"
"<1 years","Thomas","4","0","1"
"01-04 years","Tift","18","0","0"
"05-09 years","Tift","35","0","0"
"10-17 years","Tift","128","0","3"
"18-29 years","Tift","505","0","11"
"30-39 years","Tift","294","1","20"
"40-49 years","Tift","301","5","33"
"50-59 years","Tift","256","9","43"
"60-69 years","Tift","182","12","46"
"70-79 years","Tift","138","19","47"
"80 & Older years","Tift","61","17","35"
"<1 years","Tift","9","0","0"
"Unknown years","Tift","4","0","0"
"01-04 years","Toombs","17","0","0"
"05-09 years","Toombs","26","0","0"
"10-17 years","Toombs","115","0","1"
"18-29 years","Toombs","302","0","5"
"30-39 years","Toombs","221","0","1"
"40-49 years","Toombs","216","1","18"
"50-59 years","Toombs","195","5","13"
"60-69 years","Toombs","165","4","32"
"70-79 years","Toombs","129","22","25"
"80 & Older years","Toombs","81","25","18"
"<1 years","Toombs","1","0","0"
"05-09 years","Towns","3","0","0"
"10-17 years","Towns","13","0","0"
"18-29 years","Towns","76","0","2"
"30-39 years","Towns","39","0","1"
"40-49 years","Towns","36","1","3"
"50-59 years","Towns","67","1","5"
"60-69 years","Towns","80","0","5"
"70-79 years","Towns","60","2","14"
"80 & Older years","Towns","48","8","22"
"01-04 years","Treutlen","2","0","0"
"05-09 years","Treutlen","5","0","0"
"10-17 years","Treutlen","22","0","0"
"18-29 years","Treutlen","51","0","1"
"30-39 years","Treutlen","38","0","2"
"40-49 years","Treutlen","53","0","5"
"50-59 years","Treutlen","47","1","5"
"60-69 years","Treutlen","35","2","9"
"70-79 years","Treutlen","31","5","6"
"80 & Older years","Treutlen","17","3","5"
"01-04 years","Troup","84","0","0"
"05-09 years","Troup","92","0","0"
"10-17 years","Troup","201","0","2"
"18-29 years","Troup","670","0","23"
"30-39 years","Troup","491","5","32"
"40-49 years","Troup","419","2","39"
"50-59 years","Troup","428","11","74"
"60-69 years","Troup","304","16","61"
"70-79 years","Troup","146","28","57"
"80 & Older years","Troup","145","44","44"
"<1 years","Troup","25","0","1"
"Unknown years","Troup","3","0","0"
"05-09 years","Turner","3","0","0"
"10-17 years","Turner","10","0","0"
"18-29 years","Turner","46","0","1"
"30-39 years","Turner","67","0","6"
"40-49 years","Turner","48","0","2"
"50-59 years","Turner","63","2","8"
"60-69 years","Turner","45","6","15"
"70-79 years","Turner","26","6","10"
"80 & Older years","Turner","23","10","8"
"<1 years","Turner","1","0","1"
"01-04 years","Twiggs","6","0","0"
"05-09 years","Twiggs","1","0","0"
"10-17 years","Twiggs","14","0","0"
"18-29 years","Twiggs","28","0","1"
"30-39 years","Twiggs","29","1","4"
"40-49 years","Twiggs","30","1","7"
"50-59 years","Twiggs","39","1","8"
"60-69 years","Twiggs","41","1","17"
"70-79 years","Twiggs","21","2","10"
"80 & Older years","Twiggs","6","3","5"
"01-04 years","Union","4","0","0"
"05-09 years","Union","10","0","0"
"10-17 years","Union","28","0","1"
"18-29 years","Union","105","1","1"
"30-39 years","Union","92","0","2"
"40-49 years","Union","106","0","8"
"50-59 years","Union","131","2","8"
"60-69 years","Union","143","2","19"
"70-79 years","Union","138","9","26"
"80 & Older years","Union","116","11","27"
"<1 years","Union","1","0","0"
"Unknown years","Union","1","0","0"
"01-04 years","Unknown","10","0","0"
"05-09 years","Unknown","38","0","0"
"10-17 years","Unknown","141","0","1"
"18-29 years","Unknown","497","0","5"
"30-39 years","Unknown","327","0","3"
"40-49 years","Unknown","278","0","1"
"50-59 years","Unknown","244","2","4"
"60-69 years","Unknown","148","1","6"
"70-79 years","Unknown","101","1","10"
"80 & Older years","Unknown","47","1","5"
"<1 years","Unknown","18","0","0"
"Unknown years","Unknown","98","0","3"
"01-04 years","Upson","17","0","0"
"05-09 years","Upson","21","0","0"
"10-17 years","Upson","48","0","1"
"18-29 years","Upson","127","0","4"
"30-39 years","Upson","87","1","3"
"40-49 years","Upson","104","1","6"
"50-59 years","Upson","135","4","14"
"60-69 years","Upson","122","15","22"
"70-79 years","Upson","91","23","24"
"80 & Older years","Upson","73","25","21"
"<1 years","Upson","3","0","0"
"Unknown years","Upson","2","0","0"
"01-04 years","Walker","11","0","0"
"05-09 years","Walker","28","0","0"
"10-17 years","Walker","146","0","1"
"18-29 years","Walker","327","0","1"
"30-39 years","Walker","245","0","6"
"40-49 years","Walker","295","3","10"
"50-59 years","Walker","248","1","15"
"60-69 years","Walker","233","8","21"
"70-79 years","Walker","149","19","23"
"80 & Older years","Walker","109","12","16"
"<1 years","Walker","9","0","0"
"Unknown years","Walker","26","0","2"
"01-04 years","Walton","16","0","0"
"05-09 years","Walton","39","0","1"
"10-17 years","Walton","160","0","2"
"18-29 years","Walton","445","0","11"
"30-39 years","Walton","330","0","16"
"40-49 years","Walton","328","1","28"
"50-59 years","Walton","367","4","37"
"60-69 years","Walton","238","9","35"
"70-79 years","Walton","192","18","50"
"80 & Older years","Walton","149","35","41"
"<1 years","Walton","3","0","0"
"Unknown years","Walton","4","0","0"
"01-04 years","Ware","41","0","1"
"05-09 years","Ware","37","0","0"
"10-17 years","Ware","122","0","2"
"18-29 years","Ware","346","0","3"
"30-39 years","Ware","274","0","12"
"40-49 years","Ware","213","2","16"
"50-59 years","Ware","239","3","37"
"60-69 years","Ware","172","7","28"
"70-79 years","Ware","150","23","54"
"80 & Older years","Ware","107","27","28"
"<1 years","Ware","8","0","0"
"Unknown years","Ware","13","0","1"
"01-04 years","Warren","4","0","0"
"05-09 years","Warren","1","0","0"
"10-17 years","Warren","9","0","0"
"18-29 years","Warren","25","0","2"
"30-39 years","Warren","25","0","2"
"40-49 years","Warren","21","0","4"
"50-59 years","Warren","30","1","5"
"60-69 years","Warren","21","2","5"
"70-79 years","Warren","16","1","6"
"80 & Older years","Warren","7","1","1"
"<1 years","Warren","2","0","1"
"Unknown years","Warren","2","0","0"
"01-04 years","Washington","10","0","0"
"05-09 years","Washington","9","0","1"
"10-17 years","Washington","51","0","1"
"18-29 years","Washington","143","0","4"
"30-39 years","Washington","115","0","7"
"40-49 years","Washington","155","1","8"
"50-59 years","Washington","100","1","9"
"60-69 years","Washington","90","6","11"
"70-79 years","Washington","50","3","9"
"80 & Older years","Washington","17","2","4"
"<1 years","Washington","7","0","0"
"Unknown years","Washington","2","0","0"
"01-04 years","Wayne","14","0","0"
"05-09 years","Wayne","5","0","0"
"10-17 years","Wayne","58","0","0"
"18-29 years","Wayne","196","1","6"
"30-39 years","Wayne","200","0","3"
"40-49 years","Wayne","230","0","19"
"50-59 years","Wayne","181","2","10"
"60-69 years","Wayne","131","7","28"
"70-79 years","Wayne","128","12","36"
"80 & Older years","Wayne","65","10","12"
"<1 years","Wayne","1","0","0"
"Unknown years","Wayne","6","0","0"
"18-29 years","Webster","9","0","1"
"30-39 years","Webster","3","0","0"
"40-49 years","Webster","7","0","2"
"50-59 years","Webster","10","2","4"
"60-69 years","Webster","9","0","3"
"70-79 years","Webster","3","0","0"
"Unknown years","Webster","2","0","0"
"05-09 years","Wheeler","2","0","0"
"10-17 years","Wheeler","12","0","0"
"18-29 years","Wheeler","34","0","0"
"30-39 years","Wheeler","60","2","2"
"40-49 years","Wheeler","68","1","3"
"50-59 years","Wheeler","74","5","5"
"60-69 years","Wheeler","47","3","5"
"70-79 years","Wheeler","32","2","4"
"80 & Older years","Wheeler","7","1","0"
"<1 years","Wheeler","1","0","0"
"Unknown years","Wheeler","26","2","1"
"01-04 years","White","9","0","0"
"05-09 years","White","14","0","0"
"10-17 years","White","64","0","1"
"18-29 years","White","163","1","4"
"30-39 years","White","122","1","4"
"40-49 years","White","141","1","6"
"50-59 years","White","152","1","14"
"60-69 years","White","138","3","24"
"70-79 years","White","105","4","29"
"80 & Older years","White","71","12","23"
"<1 years","White","4","0","0"
"Unknown years","White","11","0","0"
"01-04 years","Whitfield","67","0","2"
"05-09 years","Whitfield","96","0","1"
"10-17 years","Whitfield","405","0","1"
"18-29 years","Whitfield","1454","0","22"
"30-39 years","Whitfield","865","1","28"
"40-49 years","Whitfield","898","1","38"
"50-59 years","Whitfield","744","10","48"
"60-69 years","Whitfield","392","15","56"
"70-79 years","Whitfield","207","13","42"
"80 & Older years","Whitfield","107","24","26"
"<1 years","Whitfield","29","0","3"
"Unknown years","Whitfield","4","0","0"
"01-04 years","Wilcox","8","0","0"
"05-09 years","Wilcox","1","0","0"
"10-17 years","Wilcox","9","0","0"
"18-29 years","Wilcox","15","0","0"
"30-39 years","Wilcox","19","0","1"
"40-49 years","Wilcox","45","0","11"
"50-59 years","Wilcox","39","0","9"
"60-69 years","Wilcox","62","9","19"
"70-79 years","Wilcox","36","9","8"
"80 & Older years","Wilcox","16","7","4"
"<1 years","Wilcox","1","0","0"
"01-04 years","Wilkes","3","0","0"
"05-09 years","Wilkes","6","0","0"
"10-17 years","Wilkes","28","0","0"
"18-29 years","Wilkes","58","0","0"
"30-39 years","Wilkes","45","0","4"
"40-49 years","Wilkes","44","0","6"
"50-59 years","Wilkes","48","1","2"
"60-69 years","Wilkes","23","0","4"
"70-79 years","Wilkes","24","1","9"
"80 & Older years","Wilkes","10","4","7"
"01-04 years","Wilkinson","4","0","0"
"05-09 years","Wilkinson","7","0","0"
"10-17 years","Wilkinson","11","0","0"
"18-29 years","Wilkinson","60","0","2"
"30-39 years","Wilkinson","48","0","4"
"40-49 years","Wilkinson","38","0","2"
"50-59 years","Wilkinson","73","3","16"
"60-69 years","Wilkinson","73","5","19"
"70-79 years","Wilkinson","31","6","13"
"80 & Older years","Wilkinson","19","3","11"
"01-04 years","Worth","7","0","0"
"05-09 years","Worth","5","0","0"
"10-17 years","Worth","30","0","4"
"18-29 years","Worth","104","0","4"
"30-39 years","Worth","64","0","5"
"40-49 years","Worth","78","1","10"
"50-59 years","Worth","103","4","18"
"60-69 years","Worth","102","12","32"
"70-79 years","Worth","60","8","17"
"80 & Older years","Worth","47","7","12"
"<1 years","Worth","3","0","0"
"Unknown years","Worth","1","0","0"
