"sex","county name","cases","deaths","hospitalization"
"Female","Georgia","183039","3726","15791"
"Male","Georgia","157618","4035","14957"
"Unknown","Georgia","7102","5","201"
"Female","Appling","622","12","51"
"Male","Appling","521","24","51"
"Unknown","Appling","13","0","0"
"Female","Atkinson","252","3","31"
"Male","Atkinson","224","2","31"
"Unknown","Atkinson","1","0","0"
"Female","Bacon","321","6","18"
"Male","Bacon","300","10","28"
"Unknown","Bacon","10","0","1"
"Female","Baker","44","2","8"
"Male","Baker","46","4","12"
"Female","Baldwin","1248","14","74"
"Male","Baldwin","1015","49","102"
"Unknown","Baldwin","22","0","2"
"Female","Banks","310","3","39"
"Male","Banks","233","5","33"
"Unknown","Banks","6","0","0"
"Female","Barrow","1395","30","146"
"Male","Barrow","1132","20","114"
"Unknown","Barrow","21","0","1"
"Female","Bartow","1840","44","147"
"Male","Bartow","1619","50","181"
"Unknown","Bartow","52","0","2"
"Female","Ben Hill","517","13","49"
"Male","Ben Hill","349","21","43"
"Unknown","Ben Hill","1","0","0"
"Female","Berrien","271","6","15"
"Male","Berrien","206","6","10"
"Unknown","Berrien","8","0","0"
"Female","Bibb","3702","107","489"
"Male","Bibb","2781","87","413"
"Unknown","Bibb","67","0","1"
"Female","Bleckley","300","14","15"
"Male","Bleckley","201","10","18"
"Unknown","Bleckley","9","0","0"
"Female","Brantley","247","7","21"
"Male","Brantley","172","6","17"
"Unknown","Brantley","2","0","0"
"Female","Brooks","299","6","27"
"Male","Brooks","239","21","28"
"Unknown","Brooks","13","0","0"
"Female","Bryan","679","7","41"
"Male","Bryan","583","7","51"
"Unknown","Bryan","20","0","0"
"Female","Bulloch","1737","21","80"
"Male","Bulloch","1276","12","61"
"Unknown","Bulloch","41","0","0"
"Female","Burke","477","7","48"
"Male","Burke","395","5","42"
"Unknown","Burke","5","0","1"
"Female","Butts","342","20","23"
"Male","Butts","353","24","30"
"Unknown","Butts","39","0","2"
"Female","Calhoun","134","7","22"
"Male","Calhoun","130","2","26"
"Unknown","Calhoun","1","0","0"
"Female","Camden","723","8","38"
"Male","Camden","665","10","32"
"Unknown","Camden","10","0","0"
"Female","Candler","289","9","17"
"Male","Candler","239","15","18"
"Unknown","Candler","2","0","0"
"Female","Carroll","1719","36","86"
"Male","Carroll","1543","39","90"
"Unknown","Carroll","35","0","2"
"Female","Catoosa","716","13","55"
"Male","Catoosa","623","8","28"
"Unknown","Catoosa","38","0","0"
"Female","Charlton","220","4","13"
"Male","Charlton","419","6","14"
"Unknown","Charlton","5","0","0"
"Female","Chatham","5115","85","433"
"Male","Chatham","4007","101","389"
"Unknown","Chatham","158","0","3"
"Female","Chattahoochee","109","1","5"
"Male","Chattahoochee","1620","0","9"
"Unknown","Chattahoochee","6","0","0"
"Female","Chattooga","487","12","24"
"Male","Chattooga","407","17","39"
"Unknown","Chattooga","16","0","2"
"Female","Cherokee","3636","49","258"
"Male","Cherokee","3222","51","264"
"Unknown","Cherokee","92","0","3"
"Female","Clarke","3089","19","119"
"Male","Clarke","2521","28","119"
"Unknown","Clarke","46","0","2"
"Female","Clay","75","1","3"
"Male","Clay","46","2","6"
"Unknown","Clay","3","0","0"
"Female","Clayton","4444","93","363"
"Male","Clayton","3477","82","320"
"Unknown","Clayton","116","0","4"
"Female","Clinch","225","2","14"
"Male","Clinch","209","10","17"
"Unknown","Clinch","3","0","0"
"Female","Cobb","11383","219","992"
"Male","Cobb","9945","233","961"
"Unknown","Cobb","235","0","6"
"Female","Coffee","1129","29","179"
"Male","Coffee","1082","31","145"
"Unknown","Coffee","19","0","0"
"Female","Colquitt","1065","17","85"
"Male","Colquitt","1028","22","80"
"Unknown","Colquitt","8","0","0"
"Female","Columbia","2233","32","89"
"Male","Columbia","2027","32","106"
"Unknown","Columbia","23","0","2"
"Female","Cook","335","6","34"
"Male","Cook","241","10","27"
"Unknown","Cook","5","0","0"
"Female","Coweta","1566","29","73"
"Male","Coweta","1336","34","72"
"Unknown","Coweta","13","0","0"
"Female","Crawford","106","4","19"
"Male","Crawford","78","2","7"
"Unknown","Crawford","9","0","3"
"Female","Crisp","352","7","47"
"Male","Crisp","278","16","36"
"Unknown","Crisp","7","0","0"
"Female","Dade","174","4","10"
"Male","Dade","158","1","12"
"Unknown","Dade","7","0","0"
"Female","Dawson","447","2","35"
"Male","Dawson","445","9","51"
"Unknown","Dawson","11","0","0"
"Female","DeKalb","11069","175","1196"
"Male","DeKalb","9320","222","1094"
"Unknown","DeKalb","380","0","9"
"Female","Decatur","678","18","54"
"Male","Decatur","582","16","46"
"Unknown","Decatur","18","0","0"
"Female","Dodge","330","8","27"
"Male","Dodge","246","7","25"
"Unknown","Dodge","7","0","0"
"Female","Dooly","185","7","26"
"Male","Dooly","181","10","29"
"Unknown","Dooly","2","0","0"
"Female","Dougherty","1985","107","409"
"Male","Dougherty","1271","84","262"
"Unknown","Dougherty","33","0","0"
"Female","Douglas","2223","33","247"
"Male","Douglas","1764","39","214"
"Unknown","Douglas","52","0","2"
"Female","Early","337","20","26"
"Male","Early","202","15","17"
"Unknown","Early","6","0","0"
"Female","Echols","78","0","2"
"Male","Echols","164","2","7"
"Unknown","Echols","2","0","0"
"Female","Effingham","908","12","56"
"Male","Effingham","833","15","55"
"Unknown","Effingham","18","0","0"
"Female","Elbert","436","5","39"
"Male","Elbert","307","4","17"
"Unknown","Elbert","18","0","1"
"Female","Emanuel","696","23","53"
"Male","Emanuel","485","13","31"
"Unknown","Emanuel","6","0","0"
"Female","Evans","258","3","30"
"Male","Evans","194","4","11"
"Unknown","Evans","26","0","1"
"Female","Fannin","444","16","35"
"Male","Fannin","360","12","36"
"Unknown","Fannin","1","0","0"
"Female","Fayette","1127","25","61"
"Male","Fayette","953","31","64"
"Unknown","Fayette","21","0","0"
"Female","Floyd","2031","25","126"
"Male","Floyd","1758","33","154"
"Unknown","Floyd","48","0","9"
"Female","Forsyth","2355","19","148"
"Male","Forsyth","2222","33","206"
"Unknown","Forsyth","70","0","0"
"Female","Franklin","525","5","43"
"Male","Franklin","352","12","23"
"Unknown","Franklin","10","0","0"
"Female","Fulton","15525","290","1282"
"Male","Fulton","14185","324","1295"
"Unknown","Fulton","830","0","7"
"Female","Gilmer","550","9","51"
"Male","Gilmer","420","14","38"
"Unknown","Gilmer","38","0","2"
"Female","Glascock","25","1","2"
"Male","Glascock","22","1","2"
"Unknown","Glascock","1","0","0"
"Female","Glynn","1981","50","167"
"Male","Glynn","1685","54","148"
"Unknown","Glynn","15","0","2"
"Female","Gordon","1196","20","64"
"Male","Gordon","1068","23","65"
"Unknown","Gordon","27","0","1"
"Female","Grady","456","9","48"
"Male","Grady","367","16","51"
"Unknown","Grady","26","0","0"
"Female","Greene","311","13","33"
"Male","Greene","252","12","28"
"Unknown","Greene","3","0","0"
"Female","Gwinnett","15609","219","1499"
"Male","Gwinnett","13758","219","1354"
"Unknown","Gwinnett","742","0","13"
"Female","Habersham","984","44","111"
"Male","Habersham","845","31","132"
"Unknown","Habersham","32","0","0"
"Female","Hall","5425","83","514"
"Male","Hall","4904","90","560"
"Unknown","Hall","200","0","4"
"Female","Hancock","249","19","34"
"Male","Hancock","164","25","34"
"Unknown","Hancock","1","0","0"
"Female","Haralson","316","4","18"
"Male","Haralson","291","6","13"
"Unknown","Haralson","18","0","0"
"Female","Harris","460","14","46"
"Male","Harris","379","11","46"
"Unknown","Harris","8","0","0"
"Female","Hart","320","7","39"
"Male","Hart","237","9","32"
"Unknown","Hart","9","0","0"
"Female","Heard","124","6","6"
"Male","Heard","98","0","9"
"Female","Henry","3426","53","154"
"Male","Henry","2576","59","122"
"Unknown","Henry","48","0","0"
"Female","Houston","1935","35","211"
"Male","Houston","1582","57","182"
"Unknown","Houston","27","0","2"
"Female","Irwin","179","6","18"
"Male","Irwin","170","0","22"
"Unknown","Irwin","3","0","0"
"Female","Jackson","1253","21","82"
"Male","Jackson","1051","19","108"
"Unknown","Jackson","19","0","0"
"Female","Jasper","138","2","9"
"Male","Jasper","103","2","11"
"Unknown","Jasper","2","0","0"
"Female","Jeff Davis","420","10","26"
"Male","Jeff Davis","361","13","37"
"Unknown","Jeff Davis","2","0","0"
"Female","Jefferson","490","16","48"
"Male","Jefferson","352","16","33"
"Unknown","Jefferson","7","0","1"
"Female","Jenkins","283","13","29"
"Male","Jenkins","179","19","36"
"Unknown","Jenkins","1","0","0"
"Female","Johnson","237","10","32"
"Male","Johnson","203","12","28"
"Female","Jones","386","6","30"
"Male","Jones","249","9","24"
"Unknown","Jones","3","0","0"
"Female","Lamar","228","11","21"
"Male","Lamar","173","8","24"
"Unknown","Lamar","2","0","0"
"Female","Lanier","123","2","3"
"Male","Lanier","186","5","13"
"Unknown","Lanier","7","0","0"
"Female","Laurens","1128","36","81"
"Male","Laurens","792","50","86"
"Unknown","Laurens","24","0","0"
"Female","Lee","399","13","52"
"Male","Lee","341","14","56"
"Unknown","Lee","4","0","0"
"Female","Liberty","668","8","56"
"Male","Liberty","541","17","61"
"Unknown","Liberty","19","0","0"
"Female","Lincoln","136","4","17"
"Male","Lincoln","94","3","10"
"Unknown","Lincoln","1","0","0"
"Female","Long","137","1","9"
"Male","Long","136","3","9"
"Unknown","Long","1","0","0"
"Female","Lowndes","2365","46","117"
"Male","Lowndes","1983","39","97"
"Unknown","Lowndes","51","0","0"
"Female","Lumpkin","544","9","53"
"Male","Lumpkin","482","6","47"
"Unknown","Lumpkin","9","0","0"
"Female","Macon","132","2","19"
"Male","Macon","115","8","29"
"Unknown","Macon","1","0","1"
"Female","Madison","401","6","32"
"Male","Madison","361","5","32"
"Unknown","Madison","9","0","0"
"Female","Marion","113","6","13"
"Male","Marion","81","3","10"
"Unknown","Marion","2","0","0"
"Female","McDuffie","386","7","38"
"Male","McDuffie","283","8","39"
"Unknown","McDuffie","4","0","0"
"Female","McIntosh","166","7","17"
"Male","McIntosh","135","0","15"
"Unknown","McIntosh","2","0","0"
"Female","Meriwether","360","11","46"
"Male","Meriwether","220","5","32"
"Unknown","Meriwether","5","0","0"
"Female","Miller","172","1","6"
"Male","Miller","132","1","7"
"Unknown","Miller","2","0","0"
"Female","Mitchell","414","21","77"
"Male","Mitchell","431","24","77"
"Unknown","Mitchell","3","0","0"
"Female","Monroe","392","31","43"
"Male","Monroe","338","22","45"
"Unknown","Monroe","19","0","0"
"Female","Montgomery","185","5","14"
"Male","Montgomery","182","4","12"
"Unknown","Montgomery","1","0","0"
"Female","Morgan","282","2","22"
"Male","Morgan","235","4","18"
"Unknown","Morgan","4","0","0"
"Female","Murray","538","1","33"
"Male","Murray","462","8","28"
"Unknown","Murray","5","0","1"
"Female","Muscogee","3578","92","369"
"Male","Muscogee","2708","81","317"
"Unknown","Muscogee","27","0","0"
"Female","Newton","1581","49","163"
"Male","Newton","1193","45","132"
"Unknown","Newton","55","1","1"
"Female","Non-GA Resident/Unknown State","5825","81","280"
"Male","Non-GA Resident/Unknown State","6575","99","346"
"Unknown","Non-GA Resident/Unknown State","1880","2","51"
"Female","Oconee","446","15","38"
"Male","Oconee","402","14","30"
"Unknown","Oconee","3","0","0"
"Female","Oglethorpe","234","2","24"
"Male","Oglethorpe","167","9","23"
"Unknown","Oglethorpe","3","0","0"
"Female","Paulding","1581","20","70"
"Male","Paulding","1386","40","72"
"Unknown","Paulding","124","0","10"
"Female","Peach","452","15","73"
"Male","Peach","304","10","39"
"Unknown","Peach","2","0","0"
"Female","Pickens","396","4","32"
"Male","Pickens","329","6","33"
"Unknown","Pickens","10","0","0"
"Female","Pierce","360","13","43"
"Male","Pierce","297","11","40"
"Unknown","Pierce","4","0","0"
"Female","Pike","205","5","21"
"Male","Pike","172","7","10"
"Unknown","Pike","4","0","1"
"Female","Polk","873","12","68"
"Male","Polk","783","15","61"
"Unknown","Polk","32","0","2"
"Female","Pulaski","218","14","22"
"Male","Pulaski","113","9","17"
"Unknown","Pulaski","1","0","0"
"Female","Putnam","410","12","39"
"Male","Putnam","370","15","36"
"Unknown","Putnam","4","0","0"
"Female","Quitman","26","0","4"
"Male","Quitman","10","1","2"
"Unknown","Quitman","2","0","1"
"Female","Rabun","209","7","35"
"Male","Rabun","204","4","19"
"Unknown","Rabun","7","0","0"
"Female","Randolph","199","19","31"
"Male","Randolph","138","10","25"
"Unknown","Randolph","1","0","0"
"Female","Richmond","4241","63","295"
"Male","Richmond","3517","112","309"
"Unknown","Richmond","87","0","17"
"Female","Rockdale","1127","20","145"
"Male","Rockdale","898","20","118"
"Unknown","Rockdale","48","0","2"
"Female","Schley","55","0","9"
"Male","Schley","54","2","7"
"Female","Screven","259","8","26"
"Male","Screven","184","3","21"
"Unknown","Screven","4","0","0"
"Female","Seminole","217","7","18"
"Male","Seminole","170","4","12"
"Unknown","Seminole","3","0","0"
"Female","Spalding","898","36","123"
"Male","Spalding","644","26","78"
"Unknown","Spalding","7","0","3"
"Female","Stephens","726","27","70"
"Male","Stephens","527","14","60"
"Unknown","Stephens","9","0","0"
"Female","Stewart","122","7","17"
"Male","Stewart","411","9","64"
"Unknown","Stewart","1","0","0"
"Female","Sumter","561","26","108"
"Male","Sumter","395","43","97"
"Unknown","Sumter","3","0","1"
"Female","Talbot","108","4","14"
"Male","Talbot","65","3","11"
"Female","Taliaferro","14","0","1"
"Male","Taliaferro","11","0","1"
"Female","Tattnall","435","8","34"
"Male","Tattnall","467","5","32"
"Unknown","Tattnall","13","0","0"
"Female","Taylor","133","7","19"
"Male","Taylor","91","5","12"
"Unknown","Taylor","2","0","1"
"Female","Telfair","227","12","17"
"Male","Telfair","214","12","27"
"Unknown","Telfair","3","0","0"
"Female","Terrell","204","15","37"
"Male","Terrell","131","17","37"
"Unknown","Terrell","5","0","0"
"Female","Thomas","908","39","87"
"Male","Thomas","670","30","86"
"Unknown","Thomas","8","0","0"
"Female","Tift","1034","30","147"
"Male","Tift","854","33","89"
"Unknown","Tift","43","0","2"
"Female","Toombs","810","34","55"
"Male","Toombs","648","23","58"
"Unknown","Toombs","10","0","0"
"Female","Towns","238","9","31"
"Male","Towns","179","3","21"
"Unknown","Towns","5","0","0"
"Female","Treutlen","177","6","16"
"Male","Treutlen","119","5","17"
"Unknown","Treutlen","5","0","0"
"Female","Troup","1675","61","182"
"Male","Troup","1228","44","149"
"Unknown","Troup","105","1","2"
"Female","Turner","202","9","25"
"Male","Turner","119","15","26"
"Unknown","Turner","11","0","0"
"Female","Twiggs","118","2","23"
"Male","Twiggs","96","7","29"
"Unknown","Twiggs","1","0","0"
"Female","Union","527","15","41"
"Male","Union","340","10","50"
"Unknown","Union","8","0","1"
"Female","Unknown","845","2","13"
"Male","Unknown","865","2","19"
"Unknown","Unknown","237","1","6"
"Female","Upson","475","41","54"
"Male","Upson","350","28","41"
"Unknown","Upson","5","0","0"
"Female","Walker","970","22","43"
"Male","Walker","830","21","52"
"Unknown","Walker","26","0","0"
"Female","Walton","1299","31","98"
"Male","Walton","947","36","122"
"Unknown","Walton","25","0","1"
"Female","Ware","899","28","85"
"Male","Ware","799","34","95"
"Unknown","Ware","24","0","2"
"Female","Warren","90","2","19"
"Male","Warren","71","3","7"
"Unknown","Warren","2","0","0"
"Female","Washington","418","4","28"
"Male","Washington","327","9","26"
"Unknown","Washington","4","0","0"
"Female","Wayne","592","15","56"
"Male","Wayne","611","17","57"
"Unknown","Wayne","12","0","1"
"Female","Webster","26","1","6"
"Male","Webster","17","1","4"
"Female","Wheeler","103","0","2"
"Male","Wheeler","239","16","18"
"Unknown","Wheeler","21","0","0"
"Female","White","524","11","48"
"Male","White","449","12","56"
"Unknown","White","21","0","1"
"Female","Whitfield","2771","26","129"
"Male","Whitfield","2471","38","136"
"Unknown","Whitfield","26","0","2"
"Female","Wilcox","108","9","16"
"Male","Wilcox","142","16","36"
"Unknown","Wilcox","1","0","0"
"Female","Wilkes","152","2","13"
"Male","Wilkes","136","4","19"
"Unknown","Wilkes","1","0","0"
"Female","Wilkinson","204","10","33"
"Male","Wilkinson","159","7","34"
"Unknown","Wilkinson","1","0","0"
"Female","Worth","368","16","61"
"Male","Worth","233","16","41"
"Unknown","Worth","3","0","0"
