Date,County,Count,Deaths
4/17/2020,Barnstable,582,
4/17/2020,Berkshire,390,
4/17/2020,Bristol,1693,
4/17/2020,Dukes,14,
4/17/2020,Essex,4668,
4/17/2020,Franklin,178,
4/17/2020,Hampden,2163,
4/17/2020,Hampshire,269,
4/17/2020,Middlesex,7867,
4/17/2020,Nantucket,9,
4/17/2020,Norfolk,3580,
4/17/2020,Plymouth,2614,
4/17/2020,Suffolk,7378,
4/17/2020,Worcester,2812,
4/17/2020,Unknown,768,
4/17/2020,Dukes and Nantucket,,
4/18/2020,Barnstable,599,
4/18/2020,Berkshire,392,
4/18/2020,Bristol,1733,
4/18/2020,Dukes,16,
4/18/2020,Essex,5001,
4/18/2020,Franklin,182,
4/18/2020,Hampden,2283,
4/18/2020,Hampshire,317,
4/18/2020,Middlesex,8422,
4/18/2020,Nantucket,9,
4/18/2020,Norfolk,3740,
4/18/2020,Plymouth,2725,
4/18/2020,Suffolk,7803,
4/18/2020,Worcester,3000,
4/18/2020,Unknown,741,
4/18/2020,Dukes and Nantucket,,
4/19/2020,Barnstable,642,
4/19/2020,Berkshire,394,
4/19/2020,Bristol,1766,
4/19/2020,Dukes,16,
4/19/2020,Essex,5240,
4/19/2020,Franklin,186,
4/19/2020,Hampden,2366,
4/19/2020,Hampshire,328,
4/19/2020,Middlesex,8863,
4/19/2020,Nantucket,9,
4/19/2020,Norfolk,3874,
4/19/2020,Plymouth,2869,
4/19/2020,Suffolk,8181,
4/19/2020,Worcester,3117,
4/19/2020,Unknown,823,
4/19/2020,Dukes and Nantucket,,
4/20/2020,Barnstable,674,
4/20/2020,Berkshire,394,
4/20/2020,Bristol,1815,
4/20/2020,Dukes,16,
4/20/2020,Essex,5385,
4/20/2020,Franklin,192,
4/20/2020,Hampden,2467,
4/20/2020,Hampshire,343,
4/20/2020,Middlesex,9383,
4/20/2020,Nantucket,9,
4/20/2020,Norfolk,4045,
4/20/2020,Plymouth,3014,
4/20/2020,Suffolk,8422,
4/20/2020,Worcester,3230,
4/20/2020,Unknown,863,
4/20/2020,Dukes and Nantucket,,
4/21/2020,Barnstable,682,
4/21/2020,Berkshire,411,
4/21/2020,Bristol,1888,
4/21/2020,Dukes,16,
4/21/2020,Essex,5621,
4/21/2020,Franklin,197,
4/21/2020,Hampden,2562,
4/21/2020,Hampshire,348,
4/21/2020,Middlesex,9756,
4/21/2020,Nantucket,9,
4/21/2020,Norfolk,4152,
4/21/2020,Plymouth,3083,
4/21/2020,Suffolk,8778,
4/21/2020,Worcester,3392,
4/21/2020,Unknown,937,
4/21/2020,Dukes and Nantucket,,
4/22/2020,Barnstable,688,
4/22/2020,Berkshire,411,
4/22/2020,Bristol,1946,
4/22/2020,Dukes,16,
4/22/2020,Essex,5886,
4/22/2020,Franklin,201,
4/22/2020,Hampden,2710,
4/22/2020,Hampshire,357,
4/22/2020,Middlesex,10239,
4/22/2020,Nantucket,9,
4/22/2020,Norfolk,4306,
4/22/2020,Plymouth,3296,
4/22/2020,Suffolk,9174,
4/22/2020,Worcester,3511,
4/22/2020,Unknown,864,
4/22/2020,Dukes and Nantucket,,
4/23/2020,Barnstable,720,
4/23/2020,Berkshire,425,
4/23/2020,Bristol,2222,
4/23/2020,Dukes,16,
4/23/2020,Essex,6325,
4/23/2020,Franklin,208,
4/23/2020,Hampden,2871,
4/23/2020,Hampshire,380,
4/23/2020,Middlesex,10877,
4/23/2020,Nantucket,9,
4/23/2020,Norfolk,4641,
4/23/2020,Plymouth,3573,
4/23/2020,Suffolk,9859,
4/23/2020,Worcester,3854,
4/23/2020,Unknown,747,
4/23/2020,Dukes and Nantucket,,
4/24/2020,Barnstable,760,
4/24/2020,Berkshire,432,
4/24/2020,Bristol,2739,
4/24/2020,Dukes,17,
4/24/2020,Essex,6952,
4/24/2020,Franklin,222,
4/24/2020,Hampden,3096,
4/24/2020,Hampshire,409,
4/24/2020,Middlesex,11843,
4/24/2020,Nantucket,9,
4/24/2020,Norfolk,5084,
4/24/2020,Plymouth,4204,
4/24/2020,Suffolk,10847,
4/24/2020,Worcester,4285,
4/24/2020,Unknown,801,
4/24/2020,Dukes and Nantucket,,
4/25/2020,Barnstable,770,
4/25/2020,Berkshire,432,
4/25/2020,Bristol,2872,
4/25/2020,Dukes,17,
4/25/2020,Essex,7327,
4/25/2020,Franklin,230,
4/25/2020,Hampden,3266,
4/25/2020,Hampshire,425,
4/25/2020,Middlesex,12426,
4/25/2020,Nantucket,9,
4/25/2020,Norfolk,5288,
4/25/2020,Plymouth,4435,
4/25/2020,Suffolk,11346,
4/25/2020,Worcester,4529,
4/25/2020,Unknown,763,
4/25/2020,Dukes and Nantucket,,
4/26/2020,Barnstable,787,
4/26/2020,Berkshire,435,
4/26/2020,Bristol,2967,
4/26/2020,Dukes,17,
4/26/2020,Essex,7606,
4/26/2020,Franklin,231,
4/26/2020,Hampden,3332,
4/26/2020,Hampshire,440,
4/26/2020,Middlesex,12826,
4/26/2020,Nantucket,10,
4/26/2020,Norfolk,5407,
4/26/2020,Plymouth,4562,
4/26/2020,Suffolk,11674,
4/26/2020,Worcester,4642,
4/26/2020,Unknown,817,
4/26/2020,Dukes and Nantucket,,
4/27/2020,Barnstable,813,
4/27/2020,Berkshire,435,
4/27/2020,Bristol,3113,
4/27/2020,Dukes,17,
4/27/2020,Essex,7827,
4/27/2020,Franklin,236,
4/27/2020,Hampden,3420,
4/27/2020,Hampshire,456,
4/27/2020,Middlesex,13133,
4/27/2020,Nantucket,10,
4/27/2020,Norfolk,5521,
4/27/2020,Plymouth,4675,
4/27/2020,Suffolk,12019,
4/27/2020,Worcester,4815,
4/27/2020,Unknown,805,
4/27/2020,Dukes and Nantucket,,
4/28/2020,Barnstable,843,
4/28/2020,Berkshire,437,
4/28/2020,Bristol,3318,
4/28/2020,Dukes,17,
4/28/2020,Essex,8094,
4/28/2020,Franklin,242,
4/28/2020,Hampden,3586,
4/28/2020,Hampshire,522,
4/28/2020,Middlesex,13603,
4/28/2020,Nantucket,11,
4/28/2020,Norfolk,5703,
4/28/2020,Plymouth,4823,
4/28/2020,Suffolk,12286,
4/28/2020,Worcester,5073,
4/28/2020,Unknown,635,
4/28/2020,Dukes and Nantucket,,
4/29/2020,Barnstable,866,
4/29/2020,Berkshire,447,
4/29/2020,Bristol,3478,
4/29/2020,Dukes,18,
4/29/2020,Essex,8509,
4/29/2020,Franklin,257,
4/29/2020,Hampden,3738,
4/29/2020,Hampshire,544,
4/29/2020,Middlesex,13996,
4/29/2020,Nantucket,11,
4/29/2020,Norfolk,5843,
4/29/2020,Plymouth,4956,
4/29/2020,Suffolk,12693,
4/29/2020,Worcester,5377,
4/29/2020,Unknown,468,
4/29/2020,Dukes and Nantucket,,
4/30/2020,Barnstable,886,
4/30/2020,Berkshire,449,
4/30/2020,Bristol,3631,
4/30/2020,Dukes,19,
4/30/2020,Essex,8813,
4/30/2020,Franklin,262,
4/30/2020,Hampden,3819,
4/30/2020,Hampshire,560,
4/30/2020,Middlesex,14420,
4/30/2020,Nantucket,11,
4/30/2020,Norfolk,6054,
4/30/2020,Plymouth,5180,
4/30/2020,Suffolk,13051,
4/30/2020,Worcester,5630,
4/30/2020,Unknown,426,
4/30/2020,Dukes and Nantucket,,
5/1/2020,Barnstable,930,
5/1/2020,Berkshire,451,
5/1/2020,Bristol,3848,
5/1/2020,Dukes,20,
5/1/2020,Essex,9178,
5/1/2020,Franklin,265,
5/1/2020,Hampden,3943,
5/1/2020,Hampshire,532,
5/1/2020,Middlesex,14829,
5/1/2020,Nantucket,11,
5/1/2020,Norfolk,6231,
5/1/2020,Plymouth,5371,
5/1/2020,Suffolk,13468,
5/1/2020,Worcester,5874,
5/1/2020,Unknown,437,
5/1/2020,Dukes and Nantucket,,
5/2/2020,Barnstable,970,
5/2/2020,Berkshire,455,
5/2/2020,Bristol,3975,
5/2/2020,Dukes,20,
5/2/2020,Essex,9522,
5/2/2020,Franklin,268,
5/2/2020,Hampden,4053,
5/2/2020,Hampshire,563,
5/2/2020,Middlesex,15281,
5/2/2020,Nantucket,11,
5/2/2020,Norfolk,6370,
5/2/2020,Plymouth,5536,
5/2/2020,Suffolk,13784,
5/2/2020,Worcester,6220,
5/2/2020,Unknown,410,
5/2/2020,Dukes and Nantucket,,
5/3/2020,Barnstable,981,
5/3/2020,Berkshire,458,
5/3/2020,Bristol,4083,
5/3/2020,Dukes,23,
5/3/2020,Essex,9705,
5/3/2020,Franklin,275,
5/3/2020,Hampden,4121,
5/3/2020,Hampshire,573,
5/3/2020,Middlesex,15614,
5/3/2020,Nantucket,11,
5/3/2020,Norfolk,6472,
5/3/2020,Plymouth,5643,
5/3/2020,Suffolk,13963,
5/3/2020,Worcester,6382,
5/3/2020,Unknown,1014,
5/3/2020,Dukes and Nantucket,,
5/4/2020,Barnstable,997,
5/4/2020,Berkshire,460,
5/4/2020,Bristol,4169,
5/4/2020,Dukes,23,
5/4/2020,Essex,9941,
5/4/2020,Franklin,279,
5/4/2020,Hampden,4171,
5/4/2020,Hampshire,579,
5/4/2020,Middlesex,16020,
5/4/2020,Nantucket,11,
5/4/2020,Norfolk,6588,
5/4/2020,Plymouth,5747,
5/4/2020,Suffolk,14141,
5/4/2020,Worcester,6567,
5/4/2020,Unknown,695,
5/4/2020,Dukes and Nantucket,,
5/5/2020,Barnstable,1008,
5/5/2020,Berkshire,464,
5/5/2020,Bristol,4304,
5/5/2020,Dukes,23,
5/5/2020,Essex,10154,
5/5/2020,Franklin,281,
5/5/2020,Hampden,4262,
5/5/2020,Hampshire,591,
5/5/2020,Middlesex,16264,
5/5/2020,Nantucket,11,
5/5/2020,Norfolk,6685,
5/5/2020,Plymouth,5891,
5/5/2020,Suffolk,14389,
5/5/2020,Worcester,6698,
5/5/2020,Unknown,629,
5/5/2020,Dukes and Nantucket,,
5/6/2020,Barnstable,1039,
5/6/2020,Berkshire,469,
5/6/2020,Bristol,4457,
5/6/2020,Dukes,24,
5/6/2020,Essex,10533,
5/6/2020,Franklin,284,
5/6/2020,Hampden,4383,
5/6/2020,Hampshire,599,
5/6/2020,Middlesex,16643,
5/6/2020,Nantucket,12,
5/6/2020,Norfolk,6847,
5/6/2020,Plymouth,6060,
5/6/2020,Suffolk,14722,
5/6/2020,Worcester,7105,
5/6/2020,Unknown,361,
5/6/2020,Dukes and Nantucket,,
5/7/2020,Barnstable,1065,
5/7/2020,Berkshire,474,
5/7/2020,Bristol,4610,
5/7/2020,Dukes,26,
5/7/2020,Essex,10812,
5/7/2020,Franklin,291,
5/7/2020,Hampden,4512,
5/7/2020,Hampshire,614,
5/7/2020,Middlesex,17016,
5/7/2020,Nantucket,11,
5/7/2020,Norfolk,6979,
5/7/2020,Plymouth,6254,
5/7/2020,Suffolk,14996,
5/7/2020,Worcester,7315,
5/7/2020,Unknown,363,
5/7/2020,Dukes and Nantucket,,
5/8/2020,Barnstable,1088,
5/8/2020,Berkshire,482,
5/8/2020,Bristol,4754,
5/8/2020,Dukes,26,
5/8/2020,Essex,11207,
5/8/2020,Franklin,295,
5/8/2020,Hampden,4598,
5/8/2020,Hampshire,674,
5/8/2020,Middlesex,17386,
5/8/2020,Nantucket,11,
5/8/2020,Norfolk,7080,
5/8/2020,Plymouth,6384,
5/8/2020,Suffolk,15237,
5/8/2020,Worcester,7536,
5/8/2020,Unknown,332,
5/8/2020,Dukes and Nantucket,,
5/9/2020,Barnstable,1112,
5/9/2020,Berkshire,483,
5/9/2020,Bristol,4934,
5/9/2020,Dukes,28,
5/9/2020,Essex,11429,
5/9/2020,Franklin,301,
5/9/2020,Hampden,4725,
5/9/2020,Hampshire,679,
5/9/2020,Middlesex,17694,
5/9/2020,Nantucket,11,
5/9/2020,Norfolk,7172,
5/9/2020,Plymouth,6504,
5/9/2020,Suffolk,15423,
5/9/2020,Worcester,7743,
5/9/2020,Unknown,323,
5/9/2020,Dukes and Nantucket,,
5/10/2020,Barnstable,1129,
5/10/2020,Berkshire,486,
5/10/2020,Bristol,5023,
5/10/2020,Dukes,28,
5/10/2020,Essex,11576,
5/10/2020,Franklin,301,
5/10/2020,Hampden,4793,
5/10/2020,Hampshire,696,
5/10/2020,Middlesex,17996,
5/10/2020,Nantucket,12,
5/10/2020,Norfolk,7246,
5/10/2020,Plymouth,6582,
5/10/2020,Suffolk,15591,
5/10/2020,Worcester,7880,
5/10/2020,Unknown,337,
5/10/2020,Dukes and Nantucket,,
5/11/2020,Barnstable,1138,
5/11/2020,Berkshire,489,
5/11/2020,Bristol,5093,
5/11/2020,Dukes,29,
5/11/2020,Essex,11665,
5/11/2020,Franklin,305,
5/11/2020,Hampden,4843,
5/11/2020,Hampshire,710,
5/11/2020,Middlesex,18197,
5/11/2020,Nantucket,12,
5/11/2020,Norfolk,7303,
5/11/2020,Plymouth,6661,
5/11/2020,Suffolk,15686,
5/11/2020,Worcester,7956,
5/11/2020,Unknown,322,
5/11/2020,Dukes and Nantucket,,
5/12/2020,Barnstable,1158,
5/12/2020,Berkshire,497,
5/12/2020,Bristol,5227,
5/12/2020,Dukes,29,
5/12/2020,Essex,11811,
5/12/2020,Franklin,306,
5/12/2020,Hampden,4917,
5/12/2020,Hampshire,724,
5/12/2020,Middlesex,18394,
5/12/2020,Nantucket,12,
5/12/2020,Norfolk,7359,
5/12/2020,Plymouth,6720,
5/12/2020,Suffolk,15806,
5/12/2020,Worcester,8102,
5/12/2020,Unknown,308,
5/12/2020,Dukes and Nantucket,,
5/13/2020,Barnstable,1178,
5/13/2020,Berkshire,498,
5/13/2020,Bristol,5361,
5/13/2020,Dukes,30,
5/13/2020,Essex,11955,
5/13/2020,Franklin,312,
5/13/2020,Hampden,4978,
5/13/2020,Hampshire,731,
5/13/2020,Middlesex,18680,
5/13/2020,Nantucket,12,
5/13/2020,Norfolk,7457,
5/13/2020,Plymouth,6811,
5/13/2020,Suffolk,15964,
5/13/2020,Worcester,8391,
5/13/2020,Unknown,299,
5/13/2020,Dukes and Nantucket,,
5/14/2020,Barnstable,1186,
5/14/2020,Berkshire,502,
5/14/2020,Bristol,5556,
5/14/2020,Dukes,31,
5/14/2020,Essex,12222,
5/14/2020,Franklin,312,
5/14/2020,Hampden,5068,
5/14/2020,Hampshire,747,
5/14/2020,Middlesex,18890,
5/14/2020,Nantucket,12,
5/14/2020,Norfolk,7601,
5/14/2020,Plymouth,7002,
5/14/2020,Suffolk,16285,
5/14/2020,Worcester,8711,
5/14/2020,Unknown,335,
5/14/2020,Dukes and Nantucket,,
5/15/2020,Barnstable,1208,
5/15/2020,Berkshire,505,
5/15/2020,Bristol,5710,
5/15/2020,Dukes,31,
5/15/2020,Essex,12419,
5/15/2020,Franklin,314,
5/15/2020,Hampden,5133,
5/15/2020,Hampshire,762,
5/15/2020,Middlesex,19223,
5/15/2020,Nantucket,12,
5/15/2020,Norfolk,7685,
5/15/2020,Plymouth,7105,
5/15/2020,Suffolk,16415,
5/15/2020,Worcester,8944,
5/15/2020,Unknown,320,
5/15/2020,Dukes and Nantucket,,
5/16/2020,Barnstable,1219,
5/16/2020,Berkshire,511,
5/16/2020,Bristol,5868,
5/16/2020,Dukes,32,
5/16/2020,Essex,12609,
5/16/2020,Franklin,314,
5/16/2020,Hampden,5231,
5/16/2020,Hampshire,776,
5/16/2020,Middlesex,19445,
5/16/2020,Nantucket,12,
5/16/2020,Norfolk,7780,
5/16/2020,Plymouth,7223,
5/16/2020,Suffolk,16777,
5/16/2020,Worcester,9233,
5/16/2020,Unknown,344,
5/16/2020,Dukes and Nantucket,,
5/17/2020,Barnstable,1224,
5/17/2020,Berkshire,513,
5/17/2020,Bristol,5994,
5/17/2020,Dukes,33,
5/17/2020,Essex,12767,
5/17/2020,Franklin,318,
5/17/2020,Hampden,5303,
5/17/2020,Hampshire,792,
5/17/2020,Middlesex,19696,
5/17/2020,Nantucket,12,
5/17/2020,Norfolk,7852,
5/17/2020,Plymouth,7308,
5/17/2020,Suffolk,16917,
5/17/2020,Worcester,9421,
5/17/2020,Unknown,350,
5/17/2020,Dukes and Nantucket,,
5/18/2020,Barnstable,1229,
5/18/2020,Berkshire,514,
5/18/2020,Bristol,6122,
5/18/2020,Dukes,33,
5/18/2020,Essex,12898,
5/18/2020,Franklin,318,
5/18/2020,Hampden,5363,
5/18/2020,Hampshire,799,
5/18/2020,Middlesex,19918,
5/18/2020,Nantucket,12,
5/18/2020,Norfolk,7906,
5/18/2020,Plymouth,7384,
5/18/2020,Suffolk,17110,
5/18/2020,Worcester,9613,
5/18/2020,Unknown,347,
5/18/2020,Dukes and Nantucket,,
5/19/2020,Barnstable,1253,
5/19/2020,Berkshire,515,
5/19/2020,Bristol,6207,
5/19/2020,Dukes,33,
5/19/2020,Essex,13067,
5/19/2020,Franklin,318,
5/19/2020,Hampden,5437,
5/19/2020,Hampshire,805,
5/19/2020,Middlesex,20107,
5/19/2020,Nantucket,12,
5/19/2020,Norfolk,7959,
5/19/2020,Plymouth,7449,
5/19/2020,Suffolk,17278,
5/19/2020,Worcester,9757,
5/19/2020,Unknown,324,
5/19/2020,Dukes and Nantucket,,
5/20/2020,Barnstable,1275,
5/20/2020,Berkshire,518,
5/20/2020,Bristol,6295,
5/20/2020,Dukes,36,
5/20/2020,Essex,13252,
5/20/2020,Franklin,320,
5/20/2020,Hampden,5523,
5/20/2020,Hampshire,817,
5/20/2020,Middlesex,20331,
5/20/2020,Nantucket,12,
5/20/2020,Norfolk,8011,
5/20/2020,Plymouth,7542,
5/20/2020,Suffolk,17434,
5/20/2020,Worcester,9958,
5/20/2020,Unknown,330,
5/20/2020,Dukes and Nantucket,,
5/21/2020,Barnstable,1282,
5/21/2020,Berkshire,529,
5/21/2020,Bristol,6421,
5/21/2020,Dukes,38,
5/21/2020,Essex,13411,
5/21/2020,Franklin,321,
5/21/2020,Hampden,5602,
5/21/2020,Hampshire,833,
5/21/2020,Middlesex,20580,
5/21/2020,Nantucket,13,
5/21/2020,Norfolk,8101,
5/21/2020,Plymouth,7636,
5/21/2020,Suffolk,17572,
5/21/2020,Worcester,10181,
5/21/2020,Unknown,340,
5/21/2020,Dukes and Nantucket,,
5/22/2020,Barnstable,1346,
5/22/2020,Berkshire,531,
5/22/2020,Bristol,6503,
5/22/2020,Dukes,38,
5/22/2020,Essex,13580,
5/22/2020,Franklin,321,
5/22/2020,Hampden,5683,
5/22/2020,Hampshire,840,
5/22/2020,Middlesex,20776,
5/22/2020,Nantucket,13,
5/22/2020,Norfolk,8148,
5/22/2020,Plymouth,7704,
5/22/2020,Suffolk,17680,
5/22/2020,Worcester,10301,
5/22/2020,Unknown,332,
5/22/2020,Dukes and Nantucket,,
5/23/2020,Barnstable,1357,
5/23/2020,Berkshire,536,
5/23/2020,Bristol,6569,
5/23/2020,Dukes,39,
5/23/2020,Essex,13699,
5/23/2020,Franklin,323,
5/23/2020,Hampden,5736,
5/23/2020,Hampshire,847,
5/23/2020,Middlesex,20942,
5/23/2020,Nantucket,13,
5/23/2020,Norfolk,8192,
5/23/2020,Plymouth,7768,
5/23/2020,Suffolk,17805,
5/23/2020,Worcester,10460,
5/23/2020,Unknown,355,
5/23/2020,Dukes and Nantucket,,
5/24/2020,Barnstable,1363,
5/24/2020,Berkshire,541,
5/24/2020,Bristol,6741,
5/24/2020,Dukes,39,
5/24/2020,Essex,13833,
5/24/2020,Franklin,325,
5/24/2020,Hampden,5804,
5/24/2020,Hampshire,858,
5/24/2020,Middlesex,21162,
5/24/2020,Nantucket,13,
5/24/2020,Norfolk,8249,
5/24/2020,Plymouth,7850,
5/24/2020,Suffolk,17937,
5/24/2020,Worcester,10649,
5/24/2020,Unknown,344,
5/24/2020,Dukes and Nantucket,,
5/25/2020,Barnstable,1373,
5/25/2020,Berkshire,544,
5/25/2020,Bristol,6828,
5/25/2020,Dukes,39,
5/25/2020,Essex,13962,
5/25/2020,Franklin,326,
5/25/2020,Hampden,5873,
5/25/2020,Hampshire,862,
5/25/2020,Middlesex,21286,
5/25/2020,Nantucket,13,
5/25/2020,Norfolk,8283,
5/25/2020,Plymouth,7887,
5/25/2020,Suffolk,18008,
5/25/2020,Worcester,10735,
5/25/2020,Unknown,347,
5/25/2020,Dukes and Nantucket,,
5/26/2020,Barnstable,1378,
5/26/2020,Berkshire,558,
5/26/2020,Bristol,6880,
5/26/2020,Dukes,39,
5/26/2020,Essex,14064,
5/26/2020,Franklin,327,
5/26/2020,Hampden,5918,
5/26/2020,Hampshire,868,
5/26/2020,Middlesex,21364,
5/26/2020,Nantucket,13,
5/26/2020,Norfolk,8304,
5/26/2020,Plymouth,7927,
5/26/2020,Suffolk,18065,
5/26/2020,Worcester,10788,
5/26/2020,Unknown,333,
5/26/2020,Dukes and Nantucket,,
5/27/2020,Barnstable,1385,
5/27/2020,Berkshire,560,
5/27/2020,Bristol,6928,
5/27/2020,Dukes,39,
5/27/2020,Essex,14182,
5/27/2020,Franklin,329,
5/27/2020,Hampden,5969,
5/27/2020,Hampshire,871,
5/27/2020,Middlesex,21493,
5/27/2020,Nantucket,13,
5/27/2020,Norfolk,8331,
5/27/2020,Plymouth,7953,
5/27/2020,Suffolk,18143,
5/27/2020,Worcester,10887,
5/27/2020,Unknown,345,
5/27/2020,Dukes and Nantucket,,
5/28/2020,Barnstable,1398,
5/28/2020,Berkshire,561,
5/28/2020,Bristol,7007,
5/28/2020,Dukes,39,
5/28/2020,Essex,14309,
5/28/2020,Franklin,331,
5/28/2020,Hampden,6003,
5/28/2020,Hampshire,873,
5/28/2020,Middlesex,21661,
5/28/2020,Nantucket,13,
5/28/2020,Norfolk,8390,
5/28/2020,Plymouth,8026,
5/28/2020,Suffolk,18259,
5/28/2020,Worcester,10974,
5/28/2020,Unknown,354,
5/28/2020,Dukes and Nantucket,,
5/29/2020,Barnstable,1408,
5/29/2020,Berkshire,566,
5/29/2020,Bristol,7089,
5/29/2020,Dukes,39,
5/29/2020,Essex,14415,
5/29/2020,Franklin,333,
5/29/2020,Hampden,6068,
5/29/2020,Hampshire,881,
5/29/2020,Middlesex,21787,
5/29/2020,Nantucket,13,
5/29/2020,Norfolk,8436,
5/29/2020,Plymouth,8071,
5/29/2020,Suffolk,18361,
5/29/2020,Worcester,11086,
5/29/2020,Unknown,327,
5/29/2020,Dukes and Nantucket,,
5/30/2020,Barnstable,1413,
5/30/2020,Berkshire,567,
5/30/2020,Bristol,7251,
5/30/2020,Dukes,39,
5/30/2020,Essex,14528,
5/30/2020,Franklin,334,
5/30/2020,Hampden,6110,
5/30/2020,Hampshire,885,
5/30/2020,Middlesex,21976,
5/30/2020,Nantucket,13,
5/30/2020,Norfolk,8504,
5/30/2020,Plymouth,8128,
5/30/2020,Suffolk,18467,
5/30/2020,Worcester,11184,
5/30/2020,Unknown,374,
5/30/2020,Dukes and Nantucket,,
5/31/2020,Barnstable,1420,
5/31/2020,Berkshire,567,
5/31/2020,Bristol,7322,
5/31/2020,Dukes,40,
5/31/2020,Essex,14658,
5/31/2020,Franklin,335,
5/31/2020,Hampden,6165,
5/31/2020,Hampshire,885,
5/31/2020,Middlesex,22150,
5/31/2020,Nantucket,13,
5/31/2020,Norfolk,8568,
5/31/2020,Plymouth,8171,
5/31/2020,Suffolk,18533,
5/31/2020,Worcester,11307,
5/31/2020,Unknown,334,
5/31/2020,Dukes and Nantucket,,
6/1/2020,Barnstable,1424,118
6/1/2020,Berkshire,567,40
6/1/2020,Bristol,7348,429
6/1/2020,Dukes,40,
6/1/2020,Essex,14721,968
6/1/2020,Franklin,335,47
6/1/2020,Hampden,6188,601
6/1/2020,Hampshire,886,89
6/1/2020,Middlesex,22224,1650
6/1/2020,Nantucket,13,
6/1/2020,Norfolk,8586,841
6/1/2020,Plymouth,8200,562
6/1/2020,Suffolk,18581,896
6/1/2020,Worcester,11352,779
6/1/2020,Unknown,340,14
6/1/2020,Dukes and Nantucket,,1
6/2/2020,Barnstable,1430,118
6/2/2020,Berkshire,568,40
6/2/2020,Bristol,7380,435
6/2/2020,Dukes,41,
6/2/2020,Essex,14795,971
6/2/2020,Franklin,335,47
6/2/2020,Hampden,6201,603
6/2/2020,Hampshire,883,90
6/2/2020,Middlesex,22296,1663
6/2/2020,Nantucket,13,
6/2/2020,Norfolk,8600,845
6/2/2020,Plymouth,8228,568
6/2/2020,Suffolk,18636,902
6/2/2020,Worcester,11438,790
6/2/2020,Unknown,319,12
6/2/2020,Dukes and Nantucket,,1
6/3/2020,Barnstable,1435,121
6/3/2020,Berkshire,566,40
6/3/2020,Bristol,7453,441
6/3/2020,Dukes,41,
6/3/2020,Essex,14857,979
6/3/2020,Franklin,335,47
6/3/2020,Hampden,6237,608
6/3/2020,Hampshire,891,93
6/3/2020,Middlesex,22403,1676
6/3/2020,Nantucket,13,
6/3/2020,Norfolk,8613,850
6/3/2020,Plymouth,8243,572
6/3/2020,Suffolk,18733,908
6/3/2020,Worcester,11465,804
6/3/2020,Unknown,307,12
6/3/2020,Dukes and Nantucket,,1
6/4/2020,Barnstable,1443,121
6/4/2020,Berkshire,568,40
6/4/2020,Bristol,7508,452
6/4/2020,Dukes,41,
6/4/2020,Essex,14969,986
6/4/2020,Franklin,337,47
6/4/2020,Hampden,6268,609
6/4/2020,Hampshire,894,94
6/4/2020,Middlesex,22485,1689
6/4/2020,Nantucket,14,
6/4/2020,Norfolk,8625,854
6/4/2020,Plymouth,8282,579
6/4/2020,Suffolk,18790,913
6/4/2020,Worcester,11529,806
6/4/2020,Unknown,310,10
6/4/2020,Dukes and Nantucket,,1
6/5/2020,Barnstable,1446,123
6/5/2020,Berkshire,571,40
6/5/2020,Bristol,7573,455
6/5/2020,Dukes,42,
6/5/2020,Essex,15064,990
6/5/2020,Franklin,337,48
6/5/2020,Hampden,6297,610
6/5/2020,Hampshire,900,95
6/5/2020,Middlesex,22583,1695
6/5/2020,Nantucket,14,
6/5/2020,Norfolk,8646,855
6/5/2020,Plymouth,8313,581
6/5/2020,Suffolk,18858,922
6/5/2020,Worcester,11600,813
6/5/2020,Unknown,313,7
6/5/2020,Dukes and Nantucket,,1
6/6/2020,Barnstable,1450,123
6/6/2020,Berkshire,573,40
6/6/2020,Bristol,7635,467
6/6/2020,Dukes,42,
6/6/2020,Essex,15170,998
6/6/2020,Franklin,338,48
6/6/2020,Hampden,6337,618
6/6/2020,Hampshire,904,95
6/6/2020,Middlesex,22686,1701
6/6/2020,Nantucket,13,
6/6/2020,Norfolk,8689,859
6/6/2020,Plymouth,8347,588
6/6/2020,Suffolk,18955,923
6/6/2020,Worcester,11696,820
6/6/2020,Unknown,297,8
6/6/2020,Dukes and Nantucket,,1
6/7/2020,Barnstable,1456,123
6/7/2020,Berkshire,574,40
6/7/2020,Bristol,7683,469
6/7/2020,Dukes,42,
6/7/2020,Essex,15217,1003
6/7/2020,Franklin,338,48
6/7/2020,Hampden,6353,620
6/7/2020,Hampshire,905,98
6/7/2020,Middlesex,22754,1705
6/7/2020,Nantucket,13,
6/7/2020,Norfolk,8713,863
6/7/2020,Plymouth,8363,591
6/7/2020,Suffolk,19001,924
6/7/2020,Worcester,11732,823
6/7/2020,Unknown,292,8
6/7/2020,Dukes and Nantucket,,1
6/8/2020,Barnstable,1458,123
6/8/2020,Berkshire,575,41
6/8/2020,Bristol,7698,473
6/8/2020,Dukes,42,
6/8/2020,Essex,15236,1006
6/8/2020,Franklin,338,49
6/8/2020,Hampden,6365,622
6/8/2020,Hampshire,907,100
6/8/2020,Middlesex,22812,1711
6/8/2020,Nantucket,13,
6/8/2020,Norfolk,8715,866
6/8/2020,Plymouth,8372,595
6/8/2020,Suffolk,19028,931
6/8/2020,Worcester,11758,827
6/8/2020,Unknown,309,8
6/8/2020,Dukes and Nantucket,,1
6/9/2020,Barnstable,1462,123
6/9/2020,Berkshire,575,41
6/9/2020,Bristol,7728,481
6/9/2020,Dukes,43,
6/9/2020,Essex,15271,1016
6/9/2020,Franklin,341,49
6/9/2020,Hampden,6380,625
6/9/2020,Hampshire,905,100
6/9/2020,Middlesex,22845,1720
6/9/2020,Nantucket,13,
6/9/2020,Norfolk,8753,870
6/9/2020,Plymouth,8404,603
6/9/2020,Suffolk,19067,935
6/9/2020,Worcester,11803,834
6/9/2020,Unknown,299,10
6/9/2020,Dukes and Nantucket,,1
6/10/2020,Barnstable,1467,127
6/10/2020,Berkshire,574,41
6/10/2020,Bristol,7754,487
6/10/2020,Dukes,42,
6/10/2020,Essex,15365,1024
6/10/2020,Franklin,344,49
6/10/2020,Hampden,6395,629
6/10/2020,Hampshire,905,100
6/10/2020,Middlesex,22889,1725
6/10/2020,Nantucket,13,
6/10/2020,Norfolk,8774,873
6/10/2020,Plymouth,8418,608
6/10/2020,Suffolk,19099,936
6/10/2020,Worcester,11820,844
6/10/2020,Unknown,297,10
6/10/2020,Dukes and Nantucket,,1
6/11/2020,Barnstable,1474,127
6/11/2020,Berkshire,575,41
6/11/2020,Bristol,7793,492
6/11/2020,Dukes,42,
6/11/2020,Essex,15465,1031
6/11/2020,Franklin,348,49
6/11/2020,Hampden,6415,633
6/11/2020,Hampshire,913,100
6/11/2020,Middlesex,22996,1733
6/11/2020,Nantucket,13,
6/11/2020,Norfolk,8809,876
6/11/2020,Plymouth,8440,612
6/11/2020,Suffolk,19195,938
6/11/2020,Worcester,11885,849
6/11/2020,Unknown,304,10
6/11/2020,Dukes and Nantucket,,1
6/12/2020,Barnstable,1479,127
6/12/2020,Berkshire,575,42
6/12/2020,Bristol,7872,496
6/12/2020,Dukes,42,
6/12/2020,Essex,15518,1035
6/12/2020,Franklin,348,50
6/12/2020,Hampden,6431,632
6/12/2020,Hampshire,918,103
6/12/2020,Middlesex,23075,1744
6/12/2020,Nantucket,13,
6/12/2020,Norfolk,8842,882
6/12/2020,Plymouth,8462,619
6/12/2020,Suffolk,19249,941
6/12/2020,Worcester,11937,856
6/12/2020,Unknown,298,10
6/12/2020,Dukes and Nantucket,,1
6/13/2020,Barnstable,1486,128
6/13/2020,Berkshire,580,42
6/13/2020,Bristol,7906,507
6/13/2020,Dukes,42,
6/13/2020,Essex,15573,1041
6/13/2020,Franklin,353,50
6/13/2020,Hampden,6460,637
6/13/2020,Hampshire,921,103
6/13/2020,Middlesex,23156,1748
6/13/2020,Nantucket,13,
6/13/2020,Norfolk,8860,882
6/13/2020,Plymouth,8478,621
6/13/2020,Suffolk,19299,943
6/13/2020,Worcester,11961,863
6/13/2020,Unknown,307,10
6/13/2020,Dukes and Nantucket,,1
6/14/2020,Barnstable,1487,130
6/14/2020,Berkshire,580,42
6/14/2020,Bristol,7933,516
6/14/2020,Dukes,42,
6/14/2020,Essex,15604,1046
6/14/2020,Franklin,353,51
6/14/2020,Hampden,6481,640
6/14/2020,Hampshire,924,103
6/14/2020,Middlesex,23195,1756
6/14/2020,Nantucket,13,
6/14/2020,Norfolk,8866,888
6/14/2020,Plymouth,8507,621
6/14/2020,Suffolk,19335,950
6/14/2020,Worcester,11975,870
6/14/2020,Unknown,308,10
6/14/2020,Dukes and Nantucket,,1
6/15/2020,Barnstable,1489,130
6/15/2020,Berkshire,579,42
6/15/2020,Bristol,7925,518
6/15/2020,Dukes,42,
6/15/2020,Essex,15627,1051
6/15/2020,Franklin,353,51
6/15/2020,Hampden,6489,640
6/15/2020,Hampshire,926,103
6/15/2020,Middlesex,23227,1763
6/15/2020,Nantucket,13,
6/15/2020,Norfolk,8872,890
6/15/2020,Plymouth,8512,626
6/15/2020,Suffolk,19334,951
6/15/2020,Worcester,11991,871
6/15/2020,Unknown,311,10
6/15/2020,Dukes and Nantucket,,1
6/16/2020,Barnstable,1494,131
6/16/2020,Berkshire,578,42
6/16/2020,Bristol,7940,520
6/16/2020,Dukes,43,
6/16/2020,Essex,15667,1052
6/16/2020,Franklin,353,51
6/16/2020,Hampden,6503,642
6/16/2020,Hampshire,930,103
6/16/2020,Middlesex,23269,1765
6/16/2020,Nantucket,14,
6/16/2020,Norfolk,8892,891
6/16/2020,Plymouth,8514,629
6/16/2020,Suffolk,19367,952
6/16/2020,Worcester,12014,877
6/16/2020,Unknown,307,9
6/16/2020,Dukes and Nantucket,,1
6/17/2020,Barnstable,1497,133
6/17/2020,Berkshire,582,42
6/17/2020,Bristol,7956,528
6/17/2020,Dukes,44,
6/17/2020,Essex,15703,1057
6/17/2020,Franklin,354,52
6/17/2020,Hampden,6518,645
6/17/2020,Hampshire,936,105
6/17/2020,Middlesex,23346,1781
6/17/2020,Nantucket,13,
6/17/2020,Norfolk,8908,903
6/17/2020,Plymouth,8522,631
6/17/2020,Suffolk,19434,959
6/17/2020,Worcester,12032,888
6/17/2020,Unknown,306,9
6/17/2020,Dukes and Nantucket,,1
6/18/2020,Barnstable,1502,135
6/18/2020,Berkshire,584,42
6/18/2020,Bristol,7979,534
6/18/2020,Dukes,44,
6/18/2020,Essex,15739,1063
6/18/2020,Franklin,356,52
6/18/2020,Hampden,6537,646
6/18/2020,Hampshire,936,106
6/18/2020,Middlesex,23407,1788
6/18/2020,Nantucket,13,
6/18/2020,Norfolk,8935,905
6/18/2020,Plymouth,8555,636
6/18/2020,Suffolk,19477,963
6/18/2020,Worcester,12050,889
6/18/2020,Unknown,308,10
6/18/2020,Dukes and Nantucket,,1
6/19/2020,Barnstable,1508,136
6/19/2020,Berkshire,585,44
6/19/2020,Bristol,8002,537
6/19/2020,Dukes,44,
6/19/2020,Essex,15778,1065
6/19/2020,Franklin,357,52
6/19/2020,Hampden,6556,647
6/19/2020,Hampshire,941,106
6/19/2020,Middlesex,23464,1791
6/19/2020,Nantucket,13,
6/19/2020,Norfolk,8962,907
6/19/2020,Plymouth,8566,640
6/19/2020,Suffolk,19493,971
6/19/2020,Worcester,12085,893
6/19/2020,Unknown,296,10
6/19/2020,Dukes and Nantucket,,1
6/20/2020,Barnstable,1513,136
6/20/2020,Berkshire,586,44
6/20/2020,Bristol,8028,539
6/20/2020,Dukes,44,
6/20/2020,Essex,15817,1071
6/20/2020,Franklin,358,53
6/20/2020,Hampden,6584,648
6/20/2020,Hampshire,943,106
6/20/2020,Middlesex,23544,1801
6/20/2020,Nantucket,13,
6/20/2020,Norfolk,8983,908
6/20/2020,Plymouth,8576,641
6/20/2020,Suffolk,19528,973
6/20/2020,Worcester,12122,897
6/20/2020,Unknown,297,10
6/20/2020,Dukes and Nantucket,,1
6/21/2020,Barnstable,1515,137
6/21/2020,Berkshire,590,44
6/21/2020,Bristol,8035,542
6/21/2020,Dukes,44,
6/21/2020,Essex,15829,1076
6/21/2020,Franklin,358,53
6/21/2020,Hampden,6598,648
6/21/2020,Hampshire,944,107
6/21/2020,Middlesex,23574,1807
6/21/2020,Nantucket,13,
6/21/2020,Norfolk,8994,912
6/21/2020,Plymouth,8583,643
6/21/2020,Suffolk,19551,978
6/21/2020,Worcester,12130,900
6/21/2020,Unknown,303,10
6/21/2020,Dukes and Nantucket,,1
6/22/2020,Barnstable,1517,138
6/22/2020,Berkshire,591,44
6/22/2020,Bristol,8057,546
6/22/2020,Dukes,45,
6/22/2020,Essex,15851,1077
6/22/2020,Franklin,358,53
6/22/2020,Hampden,6610,647
6/22/2020,Hampshire,946,107
6/22/2020,Middlesex,23609,1809
6/22/2020,Nantucket,14,
6/22/2020,Norfolk,9010,914
6/22/2020,Plymouth,8592,646
6/22/2020,Suffolk,19567,979
6/22/2020,Worcester,12143,903
6/22/2020,Unknown,300,10
6/22/2020,Dukes and Nantucket,,1
6/23/2020,Barnstable,1523,140
6/23/2020,Berkshire,591,44
6/23/2020,Bristol,8081,548
6/23/2020,Dukes,45,
6/23/2020,Essex,15885,1081
6/23/2020,Franklin,359,53
6/23/2020,Hampden,6620,649
6/23/2020,Hampshire,947,107
6/23/2020,Middlesex,23647,1812
6/23/2020,Nantucket,14,
6/23/2020,Norfolk,9042,919
6/23/2020,Plymouth,8604,647
6/23/2020,Suffolk,19601,976
6/23/2020,Worcester,12192,905
6/23/2020,Unknown,288,8
6/23/2020,Dukes and Nantucket,,1
6/24/2020,Barnstable,1525,140
6/24/2020,Berkshire,591,44
6/24/2020,Bristol,8086,555
6/24/2020,Dukes,45,
6/24/2020,Essex,15920,1083
6/24/2020,Franklin,359,53
6/24/2020,Hampden,6633,654
6/24/2020,Hampshire,950,108
6/24/2020,Middlesex,23697,1820
6/24/2020,Nantucket,14,
6/24/2020,Norfolk,9056,923
6/24/2020,Plymouth,8610,651
6/24/2020,Suffolk,19628,984
6/24/2020,Worcester,12207,914
6/24/2020,Unknown,290,8
6/24/2020,Dukes and Nantucket,,1
6/25/2020,Barnstable,1525,141
6/25/2020,Berkshire,591,44
6/25/2020,Bristol,8107,558
6/25/2020,Dukes,45,
6/25/2020,Essex,15952,1086
6/25/2020,Franklin,362,54
6/25/2020,Hampden,6658,654
6/25/2020,Hampshire,952,109
6/25/2020,Middlesex,23741,1825
6/25/2020,Nantucket,14,
6/25/2020,Norfolk,9082,924
6/25/2020,Plymouth,8625,654
6/25/2020,Suffolk,19664,990
6/25/2020,Worcester,12236,917
6/25/2020,Unknown,283,6
6/25/2020,Dukes and Nantucket,,1
6/26/2020,Barnstable,1530,143
6/26/2020,Berkshire,592,44
6/26/2020,Bristol,8142,565
6/26/2020,Dukes,46,
6/26/2020,Essex,15975,1092
6/26/2020,Franklin,364,54
6/26/2020,Hampden,6691,657
6/26/2020,Hampshire,952,109
6/26/2020,Middlesex,23786,1839
6/26/2020,Nantucket,14,
6/26/2020,Norfolk,9100,927
6/26/2020,Plymouth,8646,658
6/26/2020,Suffolk,19707,997
6/26/2020,Worcester,12240,920
6/26/2020,Unknown,285,7
6/26/2020,Dukes and Nantucket,,1
6/27/2020,Barnstable,1531,143
6/27/2020,Berkshire,594,44
6/27/2020,Bristol,8176,567
6/27/2020,Dukes,48,
6/27/2020,Essex,16028,1096
6/27/2020,Franklin,366,54
6/27/2020,Hampden,6729,659
6/27/2020,Hampshire,955,110
6/27/2020,Middlesex,23859,1849
6/27/2020,Nantucket,15,
6/27/2020,Norfolk,9125,927
6/27/2020,Plymouth,8661,660
6/27/2020,Suffolk,19764,1004
6/27/2020,Worcester,12303,920
6/27/2020,Unknown,289,7
6/27/2020,Dukes and Nantucket,,1
6/28/2020,Barnstable,1532,144
6/28/2020,Berkshire,594,44
6/28/2020,Bristol,8198,568
6/28/2020,Dukes,48,
6/28/2020,Essex,16053,1099
6/28/2020,Franklin,366,54
6/28/2020,Hampden,6760,663
6/28/2020,Hampshire,958,110
6/28/2020,Middlesex,23915,1855
6/28/2020,Nantucket,15,
6/28/2020,Norfolk,9151,927
6/28/2020,Plymouth,8671,663
6/28/2020,Suffolk,19795,1004
6/28/2020,Worcester,12324,921
6/28/2020,Unknown,287,7
6/28/2020,Dukes and Nantucket,,1
6/29/2020,Barnstable,1535,145
6/29/2020,Berkshire,594,44
6/29/2020,Bristol,8208,575
6/29/2020,Dukes,49,
6/29/2020,Essex,16069,1106
6/29/2020,Franklin,366,54
6/29/2020,Hampden,6765,664
6/29/2020,Hampshire,959,110
6/29/2020,Middlesex,23946,1862
6/29/2020,Nantucket,15,
6/29/2020,Norfolk,9161,930
6/29/2020,Plymouth,8676,666
6/29/2020,Suffolk,19795,1007
6/29/2020,Worcester,12342,924
6/29/2020,Unknown,288,7
6/29/2020,Dukes and Nantucket,,1
6/30/2020,Barnstable,1538,144
6/30/2020,Berkshire,594,44
6/30/2020,Bristol,8225,574
6/30/2020,Dukes,49,
6/30/2020,Essex,16088,1104
6/30/2020,Franklin,366,54
6/30/2020,Hampden,6776,655
6/30/2020,Hampshire,962,110
6/30/2020,Middlesex,23962,1851
6/30/2020,Nantucket,15,
6/30/2020,Norfolk,9166,923
6/30/2020,Plymouth,8684,665
6/30/2020,Suffolk,19819,1002
6/30/2020,Worcester,12350,920
6/30/2020,Unknown,288,7
6/30/2020,Dukes and Nantucket,,1
7/1/2020,Barnstable,1542,145
7/1/2020,Berkshire,597,44
7/1/2020,Bristol,8236,575
7/1/2020,Dukes,50,
7/1/2020,Essex,16122,1104
7/1/2020,Franklin,370,55
7/1/2020,Hampden,6791,659
7/1/2020,Hampshire,965,112
7/1/2020,Middlesex,23998,1858
7/1/2020,Nantucket,17,
7/1/2020,Norfolk,9184,930
7/1/2020,Plymouth,8696,663
7/1/2020,Suffolk,19853,1004
7/1/2020,Worcester,12376,924
7/1/2020,Unknown,346,7
7/1/2020,Dukes and Nantucket,,1
7/2/2020,Barnstable,1547,147
7/2/2020,Berkshire,600,44
7/2/2020,Bristol,8264,587
7/2/2020,Dukes,49,
7/2/2020,Essex,16176,1111
7/2/2020,Franklin,372,55
7/2/2020,Hampden,6812,661
7/2/2020,Hampshire,969,114
7/2/2020,Middlesex,24039,1867
7/2/2020,Nantucket,17,
7/2/2020,Norfolk,9200,933
7/2/2020,Plymouth,8707,663
7/2/2020,Suffolk,19892,1008
7/2/2020,Worcester,12407,934
7/2/2020,Unknown,287,7
7/2/2020,Dukes and Nantucket,,1
7/3/2020,Barnstable,1553,148
7/3/2020,Berkshire,602,45
7/3/2020,Bristol,8295,587
7/3/2020,Dukes,50,
7/3/2020,Essex,16210,1116
7/3/2020,Franklin,372,55
7/3/2020,Hampden,6834,662
7/3/2020,Hampshire,976,115
7/3/2020,Middlesex,24083,1870
7/3/2020,Nantucket,18,
7/3/2020,Norfolk,9242,934
7/3/2020,Plymouth,8722,665
7/3/2020,Suffolk,19936,1009
7/3/2020,Worcester,12443,935
7/3/2020,Unknown,292,7
7/3/2020,Dukes and Nantucket,,1
7/4/2020,Barnstable,1553,149
7/4/2020,Berkshire,602,45
7/4/2020,Bristol,8311,590
7/4/2020,Dukes,50,
7/4/2020,Essex,16235,1119
7/4/2020,Franklin,373,55
7/4/2020,Hampden,6861,664
7/4/2020,Hampshire,982,116
7/4/2020,Middlesex,24115,1877
7/4/2020,Nantucket,18,
7/4/2020,Norfolk,9260,937
7/4/2020,Plymouth,8734,667
7/4/2020,Suffolk,19972,1008
7/4/2020,Worcester,12481,937
7/4/2020,Unknown,291,7
7/4/2020,Dukes and Nantucket,,1
7/5/2020,Barnstable,1557,149
7/5/2020,Berkshire,602,45
7/5/2020,Bristol,8321,590
7/5/2020,Dukes,51,
7/5/2020,Essex,16254,1119
7/5/2020,Franklin,373,55
7/5/2020,Hampden,6870,666
7/5/2020,Hampshire,985,116
7/5/2020,Middlesex,24153,1879
7/5/2020,Nantucket,20,
7/5/2020,Norfolk,9273,940
7/5/2020,Plymouth,8740,668
7/5/2020,Suffolk,19985,1007
7/5/2020,Worcester,12499,941
7/5/2020,Unknown,291,7
7/5/2020,Dukes and Nantucket,,1
7/6/2020,Barnstable,1561,150
7/6/2020,Berkshire,604,45
7/6/2020,Bristol,8331,592
7/6/2020,Dukes,51,
7/6/2020,Essex,16283,1122
7/6/2020,Franklin,373,55
7/6/2020,Hampden,6883,670
7/6/2020,Hampshire,985,116
7/6/2020,Middlesex,24193,1882
7/6/2020,Nantucket,20,
7/6/2020,Norfolk,9284,940
7/6/2020,Plymouth,8748,668
7/6/2020,Suffolk,20014,1008
7/6/2020,Worcester,12515,942
7/6/2020,Unknown,292,7
7/6/2020,Dukes and Nantucket,,1
7/7/2020,Barnstable,1561,150
7/7/2020,Berkshire,604,45
7/7/2020,Bristol,8348,592
7/7/2020,Dukes,51,
7/7/2020,Essex,16318,1126
7/7/2020,Franklin,373,55
7/7/2020,Hampden,6895,672
7/7/2020,Hampshire,986,116
7/7/2020,Middlesex,24243,1888
7/7/2020,Nantucket,20,
7/7/2020,Norfolk,9306,941
7/7/2020,Plymouth,8757,669
7/7/2020,Suffolk,20048,1008
7/7/2020,Worcester,12534,943
7/7/2020,Unknown,294,7
7/7/2020,Dukes and Nantucket,,1
7/8/2020,Barnstable,1563,150
7/8/2020,Berkshire,604,45
7/8/2020,Bristol,8365,592
7/8/2020,Dukes,53,
7/8/2020,Essex,16342,1131
7/8/2020,Franklin,376,55
7/8/2020,Hampden,6903,672
7/8/2020,Hampshire,991,116
7/8/2020,Middlesex,24300,1897
7/8/2020,Nantucket,21,
7/8/2020,Norfolk,9339,943
7/8/2020,Plymouth,8765,673
7/8/2020,Suffolk,20120,1012
7/8/2020,Worcester,12562,949
7/8/2020,Unknown,298,7
7/8/2020,Dukes and Nantucket,,1
7/9/2020,Barnstable,1566,150
7/9/2020,Berkshire,609,45
7/9/2020,Bristol,8399,594
7/9/2020,Dukes,55,
7/9/2020,Essex,16379,1133
7/9/2020,Franklin,381,56
7/9/2020,Hampden,6932,671
7/9/2020,Hampshire,993,117
7/9/2020,Middlesex,24348,1903
7/9/2020,Nantucket,22,
7/9/2020,Norfolk,9384,950
7/9/2020,Plymouth,8777,674
7/9/2020,Suffolk,20172,1013
7/9/2020,Worcester,12583,954
7/9/2020,Unknown,297,7
7/9/2020,Dukes and Nantucket,,1
7/10/2020,Barnstable,1570,151
7/10/2020,Berkshire,610,45
7/10/2020,Bristol,8426,596
7/10/2020,Dukes,56,
7/10/2020,Essex,16414,1136
7/10/2020,Franklin,383,56
7/10/2020,Hampden,6943,672
7/10/2020,Hampshire,995,117
7/10/2020,Middlesex,24377,1908
7/10/2020,Nantucket,22,
7/10/2020,Norfolk,9403,956
7/10/2020,Plymouth,8786,677
7/10/2020,Suffolk,20228,1016
7/10/2020,Worcester,12603,958
7/10/2020,Unknown,294,7
7/10/2020,Dukes and Nantucket,,1
7/11/2020,Barnstable,1574,151
7/11/2020,Berkshire,611,45
7/11/2020,Bristol,8442,598
7/11/2020,Dukes,59,
7/11/2020,Essex,16452,1136
7/11/2020,Franklin,384,57
7/11/2020,Hampden,6974,674
7/11/2020,Hampshire,1001,117
7/11/2020,Middlesex,24436,1913
7/11/2020,Nantucket,22,
7/11/2020,Norfolk,9440,957
7/11/2020,Plymouth,8802,678
7/11/2020,Suffolk,20272,1018
7/11/2020,Worcester,12629,958
7/11/2020,Unknown,300,7
7/11/2020,Dukes and Nantucket,,1
7/12/2020,Barnstable,1578,151
7/12/2020,Berkshire,613,45
7/12/2020,Bristol,8460,601
7/12/2020,Dukes,58,
7/12/2020,Essex,16469,1137
7/12/2020,Franklin,384,57
7/12/2020,Hampden,7000,678
7/12/2020,Hampshire,1008,117
7/12/2020,Middlesex,24483,1916
7/12/2020,Nantucket,22,
7/12/2020,Norfolk,9462,958
7/12/2020,Plymouth,8811,679
7/12/2020,Suffolk,20301,1020
7/12/2020,Worcester,12648,958
7/12/2020,Unknown,300,7
7/12/2020,Dukes and Nantucket,,1
7/13/2020,Barnstable,1582,151
7/13/2020,Berkshire,615,45
7/13/2020,Bristol,8491,601
7/13/2020,Dukes,58,
7/13/2020,Essex,16485,1136
7/13/2020,Franklin,384,57
7/13/2020,Hampden,7019,678
7/13/2020,Hampshire,1008,117
7/13/2020,Middlesex,24536,1921
7/13/2020,Nantucket,22,
7/13/2020,Norfolk,9485,958
7/13/2020,Plymouth,8822,679
7/13/2020,Suffolk,20342,1020
7/13/2020,Worcester,12679,959
7/13/2020,Unknown,299,7
7/13/2020,Dukes and Nantucket,,1
7/14/2020,Barnstable,1586,152
7/14/2020,Berkshire,615,45
7/14/2020,Bristol,8527,601
7/14/2020,Dukes,57,
7/14/2020,Essex,16530,1136
7/14/2020,Franklin,384,57
7/14/2020,Hampden,7039,679
7/14/2020,Hampshire,1012,117
7/14/2020,Middlesex,24600,1923
7/14/2020,Nantucket,23,
7/14/2020,Norfolk,9530,959
7/14/2020,Plymouth,8830,680
7/14/2020,Suffolk,20386,1022
7/14/2020,Worcester,12710,961
7/14/2020,Unknown,301,7
7/14/2020,Dukes and Nantucket,,1
7/15/2020,Barnstable,1593,152
7/15/2020,Berkshire,615,45
7/15/2020,Bristol,8558,603
7/15/2020,Dukes,57,
7/15/2020,Essex,16564,1136
7/15/2020,Franklin,385,58
7/15/2020,Hampden,7056,681
7/15/2020,Hampshire,1012,118
7/15/2020,Middlesex,24652,1928
7/15/2020,Nantucket,25,
7/15/2020,Norfolk,9560,962
7/15/2020,Plymouth,8832,686
7/15/2020,Suffolk,20411,1024
7/15/2020,Worcester,12724,967
7/15/2020,Unknown,303,7
7/15/2020,Dukes and Nantucket,,1
7/16/2020,Barnstable,1596,152
7/16/2020,Berkshire,616,45
7/16/2020,Bristol,8593,603
7/16/2020,Dukes,57,
7/16/2020,Essex,16596,1136
7/16/2020,Franklin,386,58
7/16/2020,Hampden,7077,680
7/16/2020,Hampshire,1015,119
7/16/2020,Middlesex,24685,1934
7/16/2020,Nantucket,25,
7/16/2020,Norfolk,9588,962
7/16/2020,Plymouth,8847,688
7/16/2020,Suffolk,20445,1027
7/16/2020,Worcester,12738,968
7/16/2020,Unknown,317,7
7/16/2020,Dukes and Nantucket,,1
7/17/2020,Barnstable,1603,153
7/17/2020,Berkshire,618,45
7/17/2020,Bristol,8637,607
7/17/2020,Dukes,57,
7/17/2020,Essex,16632,1139
7/17/2020,Franklin,389,58
7/17/2020,Hampden,7100,681
7/17/2020,Hampshire,1026,119
7/17/2020,Middlesex,24738,1938
7/17/2020,Nantucket,25,
7/17/2020,Norfolk,9612,963
7/17/2020,Plymouth,8865,693
7/17/2020,Suffolk,20499,1030
7/17/2020,Worcester,12762,969
7/17/2020,Unknown,316,6
7/17/2020,Dukes and Nantucket,,1
7/18/2020,Barnstable,1612,154
7/18/2020,Berkshire,622,45
7/18/2020,Bristol,8653,608
7/18/2020,Dukes,59,
7/18/2020,Essex,16710,1140
7/18/2020,Franklin,391,58
7/18/2020,Hampden,7120,681
7/18/2020,Hampshire,1033,119
7/18/2020,Middlesex,24809,1944
7/18/2020,Nantucket,27,
7/18/2020,Norfolk,9658,966
7/18/2020,Plymouth,8868,694
7/18/2020,Suffolk,20555,1035
7/18/2020,Worcester,12802,968
7/18/2020,Unknown,319,6
7/18/2020,Dukes and Nantucket,,1
7/19/2020,Barnstable,1622,154
7/19/2020,Berkshire,623,45
7/19/2020,Bristol,8681,609
7/19/2020,Dukes,59,
7/19/2020,Essex,16733,1143
7/19/2020,Franklin,391,58
7/19/2020,Hampden,7140,682
7/19/2020,Hampshire,1039,120
7/19/2020,Middlesex,24886,1947
7/19/2020,Nantucket,27,
7/19/2020,Norfolk,9699,967
7/19/2020,Plymouth,8889,695
7/19/2020,Suffolk,20601,1035
7/19/2020,Worcester,12830,969
7/19/2020,Unknown,314,6
7/19/2020,Dukes and Nantucket,,1
7/20/2020,Barnstable,1635,154
7/20/2020,Berkshire,624,45
7/20/2020,Bristol,8719,610
7/20/2020,Dukes,59,
7/20/2020,Essex,16757,1143
7/20/2020,Franklin,390,57
7/20/2020,Hampden,7141,678
7/20/2020,Hampshire,1049,123
7/20/2020,Middlesex,24958,1948
7/20/2020,Nantucket,29,
7/20/2020,Norfolk,9737,968
7/20/2020,Plymouth,8894,696
7/20/2020,Suffolk,20621,1035
7/20/2020,Worcester,12859,969
7/20/2020,Unknown,317,6
7/20/2020,Dukes and Nantucket,,1
7/21/2020,Barnstable,1639,154
7/21/2020,Berkshire,625,45
7/21/2020,Bristol,8745,613
7/21/2020,Dukes,64,
7/21/2020,Essex,16784,1146
7/21/2020,Franklin,390,57
7/21/2020,Hampden,7152,679
7/21/2020,Hampshire,1057,125
7/21/2020,Middlesex,25011,1946
7/21/2020,Nantucket,29,
7/21/2020,Norfolk,9779,970
7/21/2020,Plymouth,8903,699
7/21/2020,Suffolk,20650,1039
7/21/2020,Worcester,12894,970
7/21/2020,Unknown,311,6
7/21/2020,Dukes and Nantucket,,1
7/22/2020,Barnstable,1644,154
7/22/2020,Berkshire,626,45
7/22/2020,Bristol,8761,615
7/22/2020,Dukes,64,
7/22/2020,Essex,16815,1152
7/22/2020,Franklin,390,57
7/22/2020,Hampden,7180,680
7/22/2020,Hampshire,1063,125
7/22/2020,Middlesex,25084,1951
7/22/2020,Nantucket,29,
7/22/2020,Norfolk,9821,972
7/22/2020,Plymouth,8917,700
7/22/2020,Suffolk,20678,1039
7/22/2020,Worcester,12933,971
7/22/2020,Unknown,315,6
7/22/2020,Dukes and Nantucket,,1
7/23/2020,Barnstable,1668,155
7/23/2020,Berkshire,629,45
7/23/2020,Bristol,8788,615
7/23/2020,Dukes,64,
7/23/2020,Essex,16856,1157
7/23/2020,Franklin,391,57
7/23/2020,Hampden,7220,681
7/23/2020,Hampshire,1065,125
7/23/2020,Middlesex,25123,1951
7/23/2020,Nantucket,29,
7/23/2020,Norfolk,9849,974
7/23/2020,Plymouth,8940,701
7/23/2020,Suffolk,20732,1042
7/23/2020,Worcester,12972,974
7/23/2020,Unknown,321,6
7/23/2020,Dukes and Nantucket,,1
7/24/2020,Barnstable,1680,155
7/24/2020,Berkshire,636,45
7/24/2020,Bristol,8816,616
7/24/2020,Dukes,64,
7/24/2020,Essex,16883,1159
7/24/2020,Franklin,391,58
7/24/2020,Hampden,7228,682
7/24/2020,Hampshire,1076,125
7/24/2020,Middlesex,25190,1954
7/24/2020,Nantucket,30,
7/24/2020,Norfolk,9895,975
7/24/2020,Plymouth,8956,701
7/24/2020,Suffolk,20793,1044
7/24/2020,Worcester,13019,977
7/24/2020,Unknown,328,6
7/24/2020,Dukes and Nantucket,,1
7/25/2020,Barnstable,1684,155
7/25/2020,Berkshire,638,45
7/25/2020,Bristol,8843,616
7/25/2020,Dukes,64,
7/25/2020,Essex,16915,1162
7/25/2020,Franklin,393,59
7/25/2020,Hampden,7259,683
7/25/2020,Hampshire,1082,126
7/25/2020,Middlesex,25250,1955
7/25/2020,Nantucket,30,
7/25/2020,Norfolk,9934,976
7/25/2020,Plymouth,8967,702
7/25/2020,Suffolk,20827,1046
7/25/2020,Worcester,13059,978
7/25/2020,Unknown,323,6
7/25/2020,Dukes and Nantucket,,1
