Ethnicity,race,Confirmed_Cases,Deaths
HISPANIC/LATINO,AFRICAN-AMERICAN/BLACK,128,5
HISPANIC/LATINO,AMERICAN INDIAN/ALASKA NATIVE,14,1
HISPANIC/LATINO,ASIAN,12,0
HISPANIC/LATINO,MISSING,131,2
HISPANIC/LATINO,NATIVE HAWAIIAN/PACIFIC ISLANDER,4,0
HISPANIC/LATINO,OTHER,1594,15
HISPANIC/LATINO,UNKNOWN,275,2
HISPANIC/LATINO,WHITE,2252,37
NON-HISPANIC/LATINO,AFRICAN-AMERICAN/BLACK,11024,811
NON-HISPANIC/LATINO,AMERICAN INDIAN/ALASKA NATIVE,28,3
NON-HISPANIC/LATINO,ASIAN,428,28
NON-HISPANIC/LATINO,MISSING,63,0
NON-HISPANIC/LATINO,NATIVE HAWAIIAN/PACIFIC ISLANDER,16,2
NON-HISPANIC/LATINO,OTHER,367,6
NON-HISPANIC/LATINO,UNKNOWN,181,3
NON-HISPANIC/LATINO,WHITE,8433,730
UNKNOWN,AFRICAN-AMERICAN/BLACK,2550,14
UNKNOWN,AMERICAN INDIAN/ALASKA NATIVE,5,0
UNKNOWN,ASIAN,140,0
UNKNOWN,MISSING,5255,13
UNKNOWN,NATIVE HAWAIIAN/PACIFIC ISLANDER,5,0
UNKNOWN,OTHER,491,1
UNKNOWN,UNKNOWN,4752,13
UNKNOWN,WHITE,1653,11
