Ethnicity,race,Confirmed_Cases,Deaths
HISPANIC/LATINO,AFRICAN-AMERICAN,124,5
HISPANIC/LATINO,AMERICAN INDIAN/ALASKA NATIVE,14,1
HISPANIC/LATINO,ASIAN,12,0
HISPANIC/LATINO,MISSING,132,2
HISPANIC/LATINO,NATIVE HAWAIIAN/PACIFIC ISLANDER,4,0
HISPANIC/LATINO,OTHER,1477,18
HISPANIC/LATINO,UNKNOWN,240,3
HISPANIC/LATINO,WHITE,2036,31
NON-HISPANIC/LATINO,AFRICAN-AMERICAN,10576,773
NON-HISPANIC/LATINO,AMERICAN INDIAN/ALASKA NATIVE,27,3
NON-HISPANIC/LATINO,ASIAN,414,27
NON-HISPANIC/LATINO,MISSING,65,0
NON-HISPANIC/LATINO,NATIVE HAWAIIAN/PACIFIC ISLANDER,13,2
NON-HISPANIC/LATINO,OTHER,316,8
NON-HISPANIC/LATINO,UNKNOWN,170,1
NON-HISPANIC/LATINO,WHITE,7960,695
UNKNOWN,AFRICAN-AMERICAN,2511,19
UNKNOWN,AMERICAN INDIAN/ALASKA NATIVE,7,0
UNKNOWN,ASIAN,127,0
UNKNOWN,MISSING,5225,14
UNKNOWN,NATIVE HAWAIIAN/PACIFIC ISLANDER,5,0
UNKNOWN,OTHER,471,0
UNKNOWN,UNKNOWN,4586,30
UNKNOWN,WHITE,1569,10
