Ethnicity,race,Confirmed_Cases,Deaths
HISPANIC/LATINO,AFRICAN-AMERICAN/BLACK,132,5
HISPANIC/LATINO,AMERICAN INDIAN/ALASKA NATIVE,14,1
HISPANIC/LATINO,ASIAN,13,1
HISPANIC/LATINO,MISSING,133,2
HISPANIC/LATINO,NATIVE HAWAIIAN/PACIFIC ISLANDER,4,0
HISPANIC/LATINO,OTHER,1633,18
HISPANIC/LATINO,UNKNOWN,278,2
HISPANIC/LATINO,WHITE,2364,41
NON-HISPANIC/LATINO,AFRICAN-AMERICAN/BLACK,11216,856
NON-HISPANIC/LATINO,AMERICAN INDIAN/ALASKA NATIVE,28,3
NON-HISPANIC/LATINO,ASIAN,440,28
NON-HISPANIC/LATINO,MISSING,65,0
NON-HISPANIC/LATINO,NATIVE HAWAIIAN/PACIFIC ISLANDER,16,2
NON-HISPANIC/LATINO,OTHER,373,6
NON-HISPANIC/LATINO,UNKNOWN,177,2
NON-HISPANIC/LATINO,WHITE,8608,776
UNKNOWN,AFRICAN-AMERICAN/BLACK,2545,8
UNKNOWN,AMERICAN INDIAN/ALASKA NATIVE,6,0
UNKNOWN,ASIAN,139,0
UNKNOWN,MISSING,5427,7
UNKNOWN,NATIVE HAWAIIAN/PACIFIC ISLANDER,5,0
UNKNOWN,OTHER,498,1
UNKNOWN,UNKNOWN,4881,10
UNKNOWN,WHITE,1668,6
