Ethnicity,race,Confirmed_Cases,Deaths
HISPANIC/LATINO,AFRICAN-AMERICAN,121,5
HISPANIC/LATINO,AMERICAN INDIAN/ALASKA NATIVE,13,1
HISPANIC/LATINO,ASIAN,13,0
HISPANIC/LATINO,MISSING,127,1
HISPANIC/LATINO,NATIVE HAWAIIAN/PACIFIC ISLANDER,4,0
HISPANIC/LATINO,OTHER,1458,17
HISPANIC/LATINO,UNKNOWN,229,2
HISPANIC/LATINO,WHITE,1990,30
NON-HISPANIC/LATINO,AFRICAN-AMERICAN,10311,759
NON-HISPANIC/LATINO,AMERICAN INDIAN/ALASKA NATIVE,27,3
NON-HISPANIC/LATINO,ASIAN,403,27
NON-HISPANIC/LATINO,MISSING,63,0
NON-HISPANIC/LATINO,NATIVE HAWAIIAN/PACIFIC ISLANDER,11,2
NON-HISPANIC/LATINO,OTHER,296,8
NON-HISPANIC/LATINO,UNKNOWN,173,1
NON-HISPANIC/LATINO,WHITE,7801,669
UNKNOWN,AFRICAN-AMERICAN,2487,15
UNKNOWN,AMERICAN INDIAN/ALASKA NATIVE,7,0
UNKNOWN,ASIAN,123,0
UNKNOWN,MISSING,5013,17
UNKNOWN,NATIVE HAWAIIAN/PACIFIC ISLANDER,5,0
UNKNOWN,OTHER,339,0
UNKNOWN,UNKNOWN,4689,28
UNKNOWN,WHITE,1444,7
