"age group","county name","cases","deaths","hospitalization"
"01-04 years","Georgia","3687","1","82"
"05-09 years","Georgia","5337","1","58"
"10-17 years","Georgia","18814","4","257"
"18-29 years","Georgia","80808","55","1927"
"30-39 years","Georgia","52561","120","2610"
"40-49 years","Georgia","49971","273","3720"
"50-59 years","Georgia","45994","668","5202"
"60-69 years","Georgia","30795","1384","5823"
"70-79 years","Georgia","17904","1912","4957"
"80 & Older years","Georgia","11826","2685","4037"
"<1 years","Georgia","1168","0","66"
"Unknown years","Georgia","1769","3","52"
"01-04 years","Appling","15","0","0"
"05-09 years","Appling","31","0","0"
"10-17 years","Appling","83","0","0"
"18-29 years","Appling","206","0","4"
"30-39 years","Appling","149","1","4"
"40-49 years","Appling","151","1","11"
"50-59 years","Appling","159","5","16"
"60-69 years","Appling","129","4","26"
"70-79 years","Appling","91","10","21"
"80 & Older years","Appling","38","8","13"
"<1 years","Appling","1","0","0"
"Unknown years","Appling","1","0","0"
"01-04 years","Atkinson","3","0","1"
"05-09 years","Atkinson","11","0","1"
"10-17 years","Atkinson","21","0","0"
"18-29 years","Atkinson","98","0","7"
"30-39 years","Atkinson","75","0","6"
"40-49 years","Atkinson","79","0","11"
"50-59 years","Atkinson","78","0","12"
"60-69 years","Atkinson","45","1","10"
"70-79 years","Atkinson","25","1","5"
"80 & Older years","Atkinson","8","1","5"
"<1 years","Atkinson","2","0","0"
"Unknown years","Atkinson","2","0","0"
"01-04 years","Bacon","11","0","0"
"05-09 years","Bacon","12","0","0"
"10-17 years","Bacon","41","0","0"
"18-29 years","Bacon","154","0","1"
"30-39 years","Bacon","77","0","2"
"40-49 years","Bacon","102","1","6"
"50-59 years","Bacon","88","2","12"
"60-69 years","Bacon","54","4","12"
"70-79 years","Bacon","36","3","8"
"80 & Older years","Bacon","21","4","6"
"<1 years","Bacon","4","0","0"
"Unknown years","Bacon","2","0","0"
"01-04 years","Baker","4","0","0"
"05-09 years","Baker","3","0","0"
"10-17 years","Baker","4","0","0"
"18-29 years","Baker","15","0","0"
"30-39 years","Baker","11","0","2"
"40-49 years","Baker","7","0","1"
"50-59 years","Baker","13","0","1"
"60-69 years","Baker","13","2","6"
"70-79 years","Baker","11","0","8"
"80 & Older years","Baker","3","2","2"
"01-04 years","Baldwin","9","0","0"
"05-09 years","Baldwin","24","0","0"
"10-17 years","Baldwin","68","0","1"
"18-29 years","Baldwin","862","0","7"
"30-39 years","Baldwin","211","1","10"
"40-49 years","Baldwin","256","2","24"
"50-59 years","Baldwin","259","7","34"
"60-69 years","Baldwin","218","10","38"
"70-79 years","Baldwin","136","17","32"
"80 & Older years","Baldwin","86","20","21"
"<1 years","Baldwin","3","0","0"
"01-04 years","Banks","4","0","0"
"05-09 years","Banks","6","0","0"
"10-17 years","Banks","35","0","0"
"18-29 years","Banks","87","0","3"
"30-39 years","Banks","61","0","0"
"40-49 years","Banks","67","0","9"
"50-59 years","Banks","73","0","7"
"60-69 years","Banks","68","1","14"
"70-79 years","Banks","48","3","18"
"80 & Older years","Banks","43","4","16"
"<1 years","Banks","2","0","0"
"Unknown years","Banks","7","0","1"
"01-04 years","Barrow","25","0","0"
"05-09 years","Barrow","39","0","0"
"10-17 years","Barrow","112","0","1"
"18-29 years","Barrow","517","1","20"
"30-39 years","Barrow","381","0","22"
"40-49 years","Barrow","418","2","36"
"50-59 years","Barrow","328","2","41"
"60-69 years","Barrow","203","9","52"
"70-79 years","Barrow","130","10","34"
"80 & Older years","Barrow","91","24","39"
"<1 years","Barrow","8","0","1"
"Unknown years","Barrow","7","0","0"
"01-04 years","Bartow","24","0","1"
"05-09 years","Bartow","48","0","1"
"10-17 years","Bartow","209","0","1"
"18-29 years","Bartow","635","0","8"
"30-39 years","Bartow","481","2","23"
"40-49 years","Bartow","453","0","25"
"50-59 years","Bartow","464","5","53"
"60-69 years","Bartow","284","13","58"
"70-79 years","Bartow","205","26","66"
"80 & Older years","Bartow","156","42","58"
"<1 years","Bartow","12","0","1"
"Unknown years","Bartow","12","0","3"
"01-04 years","Ben Hill","19","0","1"
"05-09 years","Ben Hill","16","0","0"
"10-17 years","Ben Hill","53","0","0"
"18-29 years","Ben Hill","129","0","4"
"30-39 years","Ben Hill","127","2","5"
"40-49 years","Ben Hill","101","0","5"
"50-59 years","Ben Hill","129","1","15"
"60-69 years","Ben Hill","109","8","18"
"70-79 years","Ben Hill","78","8","25"
"80 & Older years","Ben Hill","30","7","8"
"<1 years","Ben Hill","2","0","0"
"Unknown years","Ben Hill","2","0","0"
"01-04 years","Berrien","9","0","0"
"05-09 years","Berrien","8","0","0"
"10-17 years","Berrien","26","0","0"
"18-29 years","Berrien","99","0","0"
"30-39 years","Berrien","73","0","0"
"40-49 years","Berrien","65","0","1"
"50-59 years","Berrien","71","0","9"
"60-69 years","Berrien","46","1","4"
"70-79 years","Berrien","33","3","2"
"80 & Older years","Berrien","29","8","6"
"<1 years","Berrien","1","0","0"
"Unknown years","Berrien","1","0","0"
"01-04 years","Bibb","77","0","2"
"05-09 years","Bibb","93","0","0"
"10-17 years","Bibb","266","0","6"
"18-29 years","Bibb","1477","1","52"
"30-39 years","Bibb","972","3","55"
"40-49 years","Bibb","954","9","113"
"50-59 years","Bibb","852","10","133"
"60-69 years","Bibb","708","34","207"
"70-79 years","Bibb","405","50","155"
"80 & Older years","Bibb","272","68","129"
"<1 years","Bibb","26","0","4"
"Unknown years","Bibb","13","0","0"
"01-04 years","Bleckley","1","0","0"
"05-09 years","Bleckley","3","0","0"
"10-17 years","Bleckley","31","0","0"
"18-29 years","Bleckley","110","0","3"
"30-39 years","Bleckley","49","0","0"
"40-49 years","Bleckley","62","1","1"
"50-59 years","Bleckley","60","2","3"
"60-69 years","Bleckley","40","7","9"
"70-79 years","Bleckley","42","2","7"
"80 & Older years","Bleckley","43","9","4"
"<1 years","Bleckley","1","0","0"
"Unknown years","Bleckley","2","0","0"
"01-04 years","Brantley","2","0","0"
"05-09 years","Brantley","2","0","0"
"10-17 years","Brantley","24","0","1"
"18-29 years","Brantley","71","0","1"
"30-39 years","Brantley","46","0","3"
"40-49 years","Brantley","49","0","3"
"50-59 years","Brantley","64","0","7"
"60-69 years","Brantley","37","1","5"
"70-79 years","Brantley","28","5","8"
"80 & Older years","Brantley","26","4","5"
"Unknown years","Brantley","1","0","0"
"01-04 years","Brooks","13","0","0"
"05-09 years","Brooks","10","0","0"
"10-17 years","Brooks","44","0","0"
"18-29 years","Brooks","104","0","0"
"30-39 years","Brooks","77","0","2"
"40-49 years","Brooks","63","0","8"
"50-59 years","Brooks","81","2","13"
"60-69 years","Brooks","54","5","11"
"70-79 years","Brooks","44","9","15"
"80 & Older years","Brooks","33","10","6"
"<1 years","Brooks","2","0","0"
"01-04 years","Bryan","16","0","0"
"05-09 years","Bryan","24","0","0"
"10-17 years","Bryan","83","0","0"
"18-29 years","Bryan","248","0","7"
"30-39 years","Bryan","213","1","6"
"40-49 years","Bryan","192","0","9"
"50-59 years","Bryan","161","3","14"
"60-69 years","Bryan","109","3","17"
"70-79 years","Bryan","67","2","20"
"80 & Older years","Bryan","34","2","8"
"<1 years","Bryan","5","0","0"
"Unknown years","Bryan","11","0","0"
"01-04 years","Bulloch","31","0","0"
"05-09 years","Bulloch","38","0","0"
"10-17 years","Bulloch","140","0","2"
"18-29 years","Bulloch","1575","0","6"
"30-39 years","Bulloch","301","2","14"
"40-49 years","Bulloch","245","2","17"
"50-59 years","Bulloch","244","1","18"
"60-69 years","Bulloch","164","10","33"
"70-79 years","Bulloch","84","8","23"
"80 & Older years","Bulloch","57","5","19"
"<1 years","Bulloch","9","0","0"
"Unknown years","Bulloch","20","0","0"
"01-04 years","Burke","12","0","0"
"05-09 years","Burke","17","0","0"
"10-17 years","Burke","60","0","1"
"18-29 years","Burke","165","0","3"
"30-39 years","Burke","130","0","4"
"40-49 years","Burke","124","1","6"
"50-59 years","Burke","136","1","22"
"60-69 years","Burke","99","3","25"
"70-79 years","Burke","60","1","17"
"80 & Older years","Burke","20","4","9"
"<1 years","Burke","4","0","0"
"Unknown years","Burke","1","0","0"
"01-04 years","Butts","6","0","0"
"05-09 years","Butts","7","0","0"
"10-17 years","Butts","28","0","0"
"18-29 years","Butts","113","0","2"
"30-39 years","Butts","114","0","4"
"40-49 years","Butts","104","2","9"
"50-59 years","Butts","94","2","13"
"60-69 years","Butts","82","7","15"
"70-79 years","Butts","57","10","8"
"80 & Older years","Butts","65","22","3"
"<1 years","Butts","3","0","0"
"Unknown years","Butts","1","0","0"
"01-04 years","Calhoun","1","0","0"
"10-17 years","Calhoun","9","0","0"
"18-29 years","Calhoun","34","0","4"
"30-39 years","Calhoun","38","2","5"
"40-49 years","Calhoun","53","0","5"
"50-59 years","Calhoun","47","2","9"
"60-69 years","Calhoun","45","2","15"
"70-79 years","Calhoun","12","1","4"
"80 & Older years","Calhoun","9","1","5"
"<1 years","Calhoun","1","0","0"
"Unknown years","Calhoun","1","0","0"
"01-04 years","Camden","20","0","0"
"05-09 years","Camden","15","0","0"
"10-17 years","Camden","71","0","0"
"18-29 years","Camden","375","0","3"
"30-39 years","Camden","211","0","8"
"40-49 years","Camden","166","1","8"
"50-59 years","Camden","205","1","7"
"60-69 years","Camden","124","3","11"
"70-79 years","Camden","67","0","9"
"80 & Older years","Camden","43","8","10"
"<1 years","Camden","5","0","0"
"Unknown years","Camden","11","0","0"
"01-04 years","Candler","8","0","0"
"05-09 years","Candler","7","0","0"
"10-17 years","Candler","35","0","0"
"18-29 years","Candler","88","0","0"
"30-39 years","Candler","62","0","2"
"40-49 years","Candler","74","2","1"
"50-59 years","Candler","87","3","8"
"60-69 years","Candler","50","5","7"
"70-79 years","Candler","34","6","8"
"80 & Older years","Candler","18","3","6"
"<1 years","Candler","2","0","0"
"Unknown years","Candler","3","0","0"
"01-04 years","Carroll","35","0","0"
"05-09 years","Carroll","38","0","0"
"10-17 years","Carroll","189","0","2"
"18-29 years","Carroll","715","0","7"
"30-39 years","Carroll","416","3","10"
"40-49 years","Carroll","432","3","14"
"50-59 years","Carroll","405","9","33"
"60-69 years","Carroll","267","9","33"
"70-79 years","Carroll","172","23","34"
"80 & Older years","Carroll","129","22","27"
"<1 years","Carroll","11","0","0"
"Unknown years","Carroll","31","0","0"
"01-04 years","Catoosa","18","0","0"
"05-09 years","Catoosa","12","0","0"
"10-17 years","Catoosa","83","0","0"
"18-29 years","Catoosa","218","0","3"
"30-39 years","Catoosa","169","0","4"
"40-49 years","Catoosa","219","1","10"
"50-59 years","Catoosa","176","4","7"
"60-69 years","Catoosa","144","3","21"
"70-79 years","Catoosa","103","6","19"
"80 & Older years","Catoosa","58","5","13"
"<1 years","Catoosa","7","0","0"
"Unknown years","Catoosa","19","0","1"
"01-04 years","Charlton","10","0","0"
"05-09 years","Charlton","15","0","0"
"10-17 years","Charlton","25","0","0"
"18-29 years","Charlton","120","0","1"
"30-39 years","Charlton","141","0","2"
"40-49 years","Charlton","124","0","5"
"50-59 years","Charlton","89","0","1"
"60-69 years","Charlton","80","3","6"
"70-79 years","Charlton","21","2","4"
"80 & Older years","Charlton","9","2","6"
"<1 years","Charlton","2","0","0"
"Unknown years","Charlton","3","0","0"
"01-04 years","Chatham","134","0","1"
"05-09 years","Chatham","161","1","0"
"10-17 years","Chatham","520","0","11"
"18-29 years","Chatham","2377","1","35"
"30-39 years","Chatham","1553","2","70"
"40-49 years","Chatham","1112","5","75"
"50-59 years","Chatham","1069","19","135"
"60-69 years","Chatham","827","31","167"
"70-79 years","Chatham","461","46","157"
"80 & Older years","Chatham","288","61","121"
"<1 years","Chatham","35","0","3"
"Unknown years","Chatham","59","0","2"
"01-04 years","Chattahoochee","3","0","0"
"05-09 years","Chattahoochee","1","0","0"
"10-17 years","Chattahoochee","93","0","1"
"18-29 years","Chattahoochee","1411","0","1"
"30-39 years","Chattahoochee","105","0","0"
"40-49 years","Chattahoochee","25","0","0"
"50-59 years","Chattahoochee","17","0","5"
"60-69 years","Chattahoochee","9","0","3"
"70-79 years","Chattahoochee","4","0","1"
"80 & Older years","Chattahoochee","3","1","2"
"<1 years","Chattahoochee","6","0","0"
"Unknown years","Chattahoochee","1","0","0"
"01-04 years","Chattooga","3","0","0"
"05-09 years","Chattooga","8","0","0"
"10-17 years","Chattooga","50","0","0"
"18-29 years","Chattooga","150","0","1"
"30-39 years","Chattooga","123","0","3"
"40-49 years","Chattooga","124","1","4"
"50-59 years","Chattooga","114","2","6"
"60-69 years","Chattooga","95","4","15"
"70-79 years","Chattooga","65","4","12"
"80 & Older years","Chattooga","59","11","13"
"<1 years","Chattooga","2","0","1"
"Unknown years","Chattooga","7","0","1"
"01-04 years","Cherokee","60","0","5"
"05-09 years","Cherokee","108","0","3"
"10-17 years","Cherokee","513","0","2"
"18-29 years","Cherokee","1552","0","36"
"30-39 years","Cherokee","890","1","52"
"40-49 years","Cherokee","997","2","57"
"50-59 years","Cherokee","982","7","85"
"60-69 years","Cherokee","510","13","79"
"70-79 years","Cherokee","299","19","78"
"80 & Older years","Cherokee","236","51","95"
"<1 years","Cherokee","19","0","0"
"Unknown years","Cherokee","19","0","0"
"01-04 years","Clarke","61","0","0"
"05-09 years","Clarke","70","0","1"
"10-17 years","Clarke","206","0","4"
"18-29 years","Clarke","3013","0","12"
"30-39 years","Clarke","540","1","20"
"40-49 years","Clarke","407","1","23"
"50-59 years","Clarke","381","4","36"
"60-69 years","Clarke","253","8","57"
"70-79 years","Clarke","132","18","54"
"80 & Older years","Clarke","65","12","21"
"<1 years","Clarke","14","0","1"
"Unknown years","Clarke","3","0","0"
"01-04 years","Clay","1","0","0"
"05-09 years","Clay","2","0","0"
"10-17 years","Clay","10","0","0"
"18-29 years","Clay","20","0","0"
"30-39 years","Clay","21","0","1"
"40-49 years","Clay","18","0","0"
"50-59 years","Clay","16","0","1"
"60-69 years","Clay","16","1","2"
"70-79 years","Clay","6","0","0"
"80 & Older years","Clay","10","2","5"
"Unknown years","Clay","1","0","0"
"01-04 years","Clayton","79","0","5"
"05-09 years","Clayton","123","0","2"
"10-17 years","Clayton","319","0","11"
"18-29 years","Clayton","1578","2","54"
"30-39 years","Clayton","1410","6","83"
"40-49 years","Clayton","1174","13","99"
"50-59 years","Clayton","1135","24","141"
"60-69 years","Clayton","747","42","124"
"70-79 years","Clayton","327","36","79"
"80 & Older years","Clayton","195","39","45"
"<1 years","Clayton","20","0","1"
"Unknown years","Clayton","14","0","0"
"01-04 years","Clinch","7","0","0"
"05-09 years","Clinch","9","0","0"
"10-17 years","Clinch","42","0","0"
"18-29 years","Clinch","86","0","1"
"30-39 years","Clinch","49","0","2"
"40-49 years","Clinch","53","0","1"
"50-59 years","Clinch","47","0","6"
"60-69 years","Clinch","54","3","9"
"70-79 years","Clinch","21","4","7"
"80 & Older years","Clinch","10","0","2"
"<1 years","Clinch","1","0","0"
"Unknown years","Clinch","1","0","0"
"01-04 years","Cobb","178","1","7"
"05-09 years","Cobb","248","0","3"
"10-17 years","Cobb","918","0","17"
"18-29 years","Cobb","5714","4","147"
"30-39 years","Cobb","3404","7","164"
"40-49 years","Cobb","3203","13","276"
"50-59 years","Cobb","2776","28","346"
"60-69 years","Cobb","1668","56","315"
"70-79 years","Cobb","955","129","269"
"80 & Older years","Cobb","695","190","247"
"<1 years","Cobb","64","0","6"
"Unknown years","Cobb","49","1","4"
"01-04 years","Coffee","37","0","2"
"05-09 years","Coffee","39","0","3"
"10-17 years","Coffee","101","0","1"
"18-29 years","Coffee","395","0","7"
"30-39 years","Coffee","303","1","17"
"40-49 years","Coffee","338","2","47"
"50-59 years","Coffee","338","2","64"
"60-69 years","Coffee","291","12","66"
"70-79 years","Coffee","137","15","55"
"80 & Older years","Coffee","90","19","48"
"<1 years","Coffee","8","0","0"
"Unknown years","Coffee","7","0","0"
"01-04 years","Colquitt","29","0","0"
"05-09 years","Colquitt","40","0","0"
"10-17 years","Colquitt","163","0","2"
"18-29 years","Colquitt","469","0","15"
"30-39 years","Colquitt","314","0","15"
"40-49 years","Colquitt","297","4","27"
"50-59 years","Colquitt","258","9","28"
"60-69 years","Colquitt","176","8","27"
"70-79 years","Colquitt","94","5","24"
"80 & Older years","Colquitt","59","8","17"
"<1 years","Colquitt","6","0","0"
"Unknown years","Colquitt","2","0","0"
"01-04 years","Columbia","19","0","1"
"05-09 years","Columbia","59","0","0"
"10-17 years","Columbia","284","0","1"
"18-29 years","Columbia","901","0","6"
"30-39 years","Columbia","646","2","11"
"40-49 years","Columbia","659","4","19"
"50-59 years","Columbia","574","8","41"
"60-69 years","Columbia","353","8","42"
"70-79 years","Columbia","196","16","31"
"80 & Older years","Columbia","115","23","31"
"<1 years","Columbia","10","0","1"
"Unknown years","Columbia","2","0","0"
"01-04 years","Cook","8","0","0"
"05-09 years","Cook","10","0","0"
"10-17 years","Cook","44","0","1"
"18-29 years","Cook","122","0","2"
"30-39 years","Cook","86","0","4"
"40-49 years","Cook","85","0","9"
"50-59 years","Cook","70","1","14"
"60-69 years","Cook","60","3","10"
"70-79 years","Cook","45","8","14"
"80 & Older years","Cook","16","2","7"
"<1 years","Cook","5","0","0"
"Unknown years","Cook","3","0","0"
"01-04 years","Coweta","34","0","0"
"05-09 years","Coweta","41","0","0"
"10-17 years","Coweta","157","0","0"
"18-29 years","Coweta","591","1","9"
"30-39 years","Coweta","403","0","11"
"40-49 years","Coweta","408","2","17"
"50-59 years","Coweta","457","5","28"
"60-69 years","Coweta","283","9","26"
"70-79 years","Coweta","157","12","27"
"80 & Older years","Coweta","106","19","15"
"<1 years","Coweta","6","0","0"
"Unknown years","Coweta","3","0","0"
"01-04 years","Crawford","1","0","0"
"05-09 years","Crawford","1","0","0"
"10-17 years","Crawford","11","0","0"
"18-29 years","Crawford","32","0","1"
"30-39 years","Crawford","26","0","3"
"40-49 years","Crawford","19","0","2"
"50-59 years","Crawford","40","1","7"
"60-69 years","Crawford","27","2","8"
"70-79 years","Crawford","7","2","3"
"80 & Older years","Crawford","4","0","2"
"Unknown years","Crawford","1","0","0"
"01-04 years","Crisp","7","0","0"
"05-09 years","Crisp","8","0","0"
"10-17 years","Crisp","33","0","0"
"18-29 years","Crisp","102","0","5"
"30-39 years","Crisp","96","0","8"
"40-49 years","Crisp","84","0","8"
"50-59 years","Crisp","79","2","13"
"60-69 years","Crisp","87","4","16"
"70-79 years","Crisp","43","5","15"
"80 & Older years","Crisp","30","6","7"
"<1 years","Crisp","3","0","0"
"Unknown years","Crisp","9","0","0"
"05-09 years","Dade","7","0","0"
"10-17 years","Dade","24","0","0"
"18-29 years","Dade","54","0","1"
"30-39 years","Dade","43","0","1"
"40-49 years","Dade","48","0","3"
"50-59 years","Dade","51","1","4"
"60-69 years","Dade","25","0","2"
"70-79 years","Dade","27","4","7"
"80 & Older years","Dade","4","0","2"
"<1 years","Dade","2","0","0"
"Unknown years","Dade","2","0","1"
"01-04 years","Dawson","5","0","0"
"05-09 years","Dawson","8","0","0"
"10-17 years","Dawson","65","0","2"
"18-29 years","Dawson","198","0","7"
"30-39 years","Dawson","119","0","3"
"40-49 years","Dawson","114","0","10"
"50-59 years","Dawson","134","0","9"
"60-69 years","Dawson","104","1","23"
"70-79 years","Dawson","63","5","17"
"80 & Older years","Dawson","24","2","5"
"<1 years","Dawson","5","0","0"
"01-04 years","DeKalb","209","0","7"
"05-09 years","DeKalb","292","0","4"
"10-17 years","DeKalb","852","0","27"
"18-29 years","DeKalb","4619","5","211"
"30-39 years","DeKalb","3863","12","281"
"40-49 years","DeKalb","3074","19","317"
"50-59 years","DeKalb","2736","44","402"
"60-69 years","DeKalb","1680","75","388"
"70-79 years","DeKalb","923","102","294"
"80 & Older years","DeKalb","563","114","196"
"<1 years","DeKalb","62","0","4"
"Unknown years","DeKalb","157","0","5"
"01-04 years","Decatur","25","0","0"
"05-09 years","Decatur","34","0","0"
"10-17 years","Decatur","96","0","0"
"18-29 years","Decatur","254","1","6"
"30-39 years","Decatur","184","1","4"
"40-49 years","Decatur","188","0","13"
"50-59 years","Decatur","158","4","20"
"60-69 years","Decatur","108","6","22"
"70-79 years","Decatur","64","10","15"
"80 & Older years","Decatur","63","7","10"
"<1 years","Decatur","6","0","0"
"Unknown years","Decatur","1","0","1"
"01-04 years","Dodge","4","0","0"
"05-09 years","Dodge","11","0","0"
"10-17 years","Dodge","43","0","1"
"18-29 years","Dodge","65","0","0"
"30-39 years","Dodge","36","0","1"
"40-49 years","Dodge","81","0","6"
"50-59 years","Dodge","84","1","5"
"60-69 years","Dodge","67","5","14"
"70-79 years","Dodge","29","2","8"
"80 & Older years","Dodge","14","4","7"
"<1 years","Dodge","2","0","0"
"Unknown years","Dodge","1","0","0"
"01-04 years","Dooly","8","0","0"
"05-09 years","Dooly","3","0","0"
"10-17 years","Dooly","14","0","0"
"18-29 years","Dooly","49","0","4"
"30-39 years","Dooly","48","0","4"
"40-49 years","Dooly","66","0","7"
"50-59 years","Dooly","67","3","11"
"60-69 years","Dooly","52","5","13"
"70-79 years","Dooly","26","4","9"
"80 & Older years","Dooly","10","2","4"
"Unknown years","Dooly","2","0","0"
"01-04 years","Dougherty","22","0","3"
"05-09 years","Dougherty","37","0","0"
"10-17 years","Dougherty","107","0","3"
"18-29 years","Dougherty","511","2","50"
"30-39 years","Dougherty","464","3","53"
"40-49 years","Dougherty","501","12","80"
"50-59 years","Dougherty","572","16","113"
"60-69 years","Dougherty","468","50","149"
"70-79 years","Dougherty","284","45","115"
"80 & Older years","Dougherty","182","59","80"
"<1 years","Dougherty","12","0","1"
"Unknown years","Dougherty","4","0","0"
"01-04 years","Douglas","34","0","0"
"05-09 years","Douglas","61","0","3"
"10-17 years","Douglas","183","0","2"
"18-29 years","Douglas","811","0","30"
"30-39 years","Douglas","607","3","42"
"40-49 years","Douglas","694","3","63"
"50-59 years","Douglas","562","6","84"
"60-69 years","Douglas","359","15","88"
"70-79 years","Douglas","190","23","56"
"80 & Older years","Douglas","108","19","47"
"<1 years","Douglas","7","0","1"
"Unknown years","Douglas","17","0","0"
"01-04 years","Early","10","0","0"
"05-09 years","Early","12","0","0"
"10-17 years","Early","29","0","0"
"18-29 years","Early","86","0","2"
"30-39 years","Early","69","0","2"
"40-49 years","Early","87","1","7"
"50-59 years","Early","82","2","5"
"60-69 years","Early","61","9","9"
"70-79 years","Early","40","11","7"
"80 & Older years","Early","29","10","5"
"<1 years","Early","2","0","0"
"01-04 years","Echols","2","0","0"
"05-09 years","Echols","4","0","0"
"10-17 years","Echols","12","0","1"
"18-29 years","Echols","104","0","1"
"30-39 years","Echols","45","0","2"
"40-49 years","Echols","27","0","0"
"50-59 years","Echols","26","0","2"
"60-69 years","Echols","10","0","0"
"70-79 years","Echols","11","2","3"
"<1 years","Echols","1","0","0"
"01-04 years","Effingham","10","0","1"
"05-09 years","Effingham","33","0","0"
"10-17 years","Effingham","106","0","0"
"18-29 years","Effingham","310","0","1"
"30-39 years","Effingham","226","1","8"
"40-49 years","Effingham","246","0","11"
"50-59 years","Effingham","249","6","19"
"60-69 years","Effingham","154","1","21"
"70-79 years","Effingham","81","6","19"
"80 & Older years","Effingham","50","11","17"
"<1 years","Effingham","5","0","0"
"Unknown years","Effingham","14","0","1"
"01-04 years","Elbert","8","0","0"
"05-09 years","Elbert","15","0","0"
"10-17 years","Elbert","40","0","0"
"18-29 years","Elbert","135","0","0"
"30-39 years","Elbert","89","0","5"
"40-49 years","Elbert","104","0","3"
"50-59 years","Elbert","112","0","6"
"60-69 years","Elbert","81","0","9"
"70-79 years","Elbert","55","2","9"
"80 & Older years","Elbert","54","3","12"
"<1 years","Elbert","3","0","1"
"Unknown years","Elbert","8","0","0"
"01-04 years","Emanuel","15","0","1"
"05-09 years","Emanuel","11","0","0"
"10-17 years","Emanuel","107","0","2"
"18-29 years","Emanuel","199","1","0"
"30-39 years","Emanuel","146","0","5"
"40-49 years","Emanuel","186","1","6"
"50-59 years","Emanuel","148","3","16"
"60-69 years","Emanuel","136","6","17"
"70-79 years","Emanuel","86","9","17"
"80 & Older years","Emanuel","44","12","14"
"<1 years","Emanuel","4","0","0"
"Unknown years","Emanuel","8","0","1"
"01-04 years","Evans","5","0","0"
"05-09 years","Evans","10","0","0"
"10-17 years","Evans","45","0","0"
"18-29 years","Evans","86","0","2"
"30-39 years","Evans","81","0","3"
"40-49 years","Evans","63","0","6"
"50-59 years","Evans","69","1","10"
"60-69 years","Evans","36","2","8"
"70-79 years","Evans","25","2","8"
"80 & Older years","Evans","10","1","1"
"<1 years","Evans","2","0","0"
"Unknown years","Evans","2","0","0"
"01-04 years","Fannin","4","0","0"
"05-09 years","Fannin","8","0","0"
"10-17 years","Fannin","34","0","0"
"18-29 years","Fannin","106","0","2"
"30-39 years","Fannin","70","0","1"
"40-49 years","Fannin","89","0","5"
"50-59 years","Fannin","105","3","7"
"60-69 years","Fannin","120","5","13"
"70-79 years","Fannin","87","1","15"
"80 & Older years","Fannin","69","16","15"
"<1 years","Fannin","3","0","0"
"Unknown years","Fannin","3","0","0"
"01-04 years","Fayette","12","0","0"
"05-09 years","Fayette","18","0","1"
"10-17 years","Fayette","115","0","0"
"18-29 years","Fayette","429","0","4"
"30-39 years","Fayette","215","0","5"
"40-49 years","Fayette","314","1","15"
"50-59 years","Fayette","332","2","19"
"60-69 years","Fayette","246","10","13"
"70-79 years","Fayette","132","18","28"
"80 & Older years","Fayette","72","21","21"
"Unknown years","Fayette","21","0","0"
"01-04 years","Floyd","37","0","0"
"05-09 years","Floyd","60","0","0"
"10-17 years","Floyd","324","0","6"
"18-29 years","Floyd","705","0","12"
"30-39 years","Floyd","541","1","20"
"40-49 years","Floyd","504","1","29"
"50-59 years","Floyd","429","7","53"
"60-69 years","Floyd","312","12","48"
"70-79 years","Floyd","205","10","53"
"80 & Older years","Floyd","105","15","29"
"<1 years","Floyd","17","0","0"
"Unknown years","Floyd","45","0","1"
"01-04 years","Forsyth","42","0","0"
"05-09 years","Forsyth","83","0","0"
"10-17 years","Forsyth","329","0","0"
"18-29 years","Forsyth","1112","0","22"
"30-39 years","Forsyth","624","0","26"
"40-49 years","Forsyth","697","2","48"
"50-59 years","Forsyth","639","8","61"
"60-69 years","Forsyth","330","5","62"
"70-79 years","Forsyth","179","14","65"
"80 & Older years","Forsyth","98","17","43"
"<1 years","Forsyth","15","0","1"
"Unknown years","Forsyth","34","0","0"
"01-04 years","Franklin","7","0","0"
"05-09 years","Franklin","17","0","0"
"10-17 years","Franklin","59","0","2"
"18-29 years","Franklin","169","0","4"
"30-39 years","Franklin","112","0","1"
"40-49 years","Franklin","115","0","9"
"50-59 years","Franklin","120","0","10"
"60-69 years","Franklin","84","2","11"
"70-79 years","Franklin","48","6","10"
"80 & Older years","Franklin","25","5","11"
"<1 years","Franklin","3","0","1"
"Unknown years","Franklin","9","0","0"
"01-04 years","Fulton","256","0","11"
"05-09 years","Fulton","367","0","7"
"10-17 years","Fulton","1321","1","20"
"18-29 years","Fulton","8210","3","192"
"30-39 years","Fulton","5500","12","302"
"40-49 years","Fulton","4223","25","336"
"50-59 years","Fulton","3497","49","431"
"60-69 years","Fulton","2157","102","432"
"70-79 years","Fulton","1204","145","352"
"80 & Older years","Fulton","957","241","351"
"<1 years","Fulton","83","0","4"
"Unknown years","Fulton","80","1","4"
"01-04 years","Gilmer","16","0","1"
"05-09 years","Gilmer","13","0","0"
"10-17 years","Gilmer","62","0","2"
"18-29 years","Gilmer","135","0","7"
"30-39 years","Gilmer","126","0","9"
"40-49 years","Gilmer","138","0","8"
"50-59 years","Gilmer","121","2","11"
"60-69 years","Gilmer","123","1","15"
"70-79 years","Gilmer","66","3","16"
"80 & Older years","Gilmer","29","7","10"
"<1 years","Gilmer","6","0","0"
"Unknown years","Gilmer","8","0","0"
"05-09 years","Glascock","1","0","0"
"18-29 years","Glascock","7","0","0"
"30-39 years","Glascock","5","0","0"
"40-49 years","Glascock","8","0","0"
"50-59 years","Glascock","7","1","1"
"60-69 years","Glascock","7","0","0"
"80 & Older years","Glascock","4","1","3"
"<1 years","Glascock","1","0","0"
"01-04 years","Glynn","55","0","1"
"05-09 years","Glynn","95","0","1"
"10-17 years","Glynn","236","0","0"
"18-29 years","Glynn","851","0","13"
"30-39 years","Glynn","568","2","21"
"40-49 years","Glynn","467","3","27"
"50-59 years","Glynn","445","7","53"
"60-69 years","Glynn","354","19","71"
"70-79 years","Glynn","233","27","47"
"80 & Older years","Glynn","171","38","55"
"<1 years","Glynn","14","0","0"
"Unknown years","Glynn","17","0","0"
"01-04 years","Gordon","19","0","0"
"05-09 years","Gordon","37","0","0"
"10-17 years","Gordon","130","0","2"
"18-29 years","Gordon","409","0","6"
"30-39 years","Gordon","306","0","13"
"40-49 years","Gordon","348","0","14"
"50-59 years","Gordon","289","4","20"
"60-69 years","Gordon","170","6","14"
"70-79 years","Gordon","120","15","29"
"80 & Older years","Gordon","58","14","21"
"<1 years","Gordon","2","0","1"
"Unknown years","Gordon","6","0","0"
"01-04 years","Grady","16","0","1"
"05-09 years","Grady","21","0","0"
"10-17 years","Grady","65","0","1"
"18-29 years","Grady","129","0","5"
"30-39 years","Grady","134","0","4"
"40-49 years","Grady","133","0","18"
"50-59 years","Grady","101","3","13"
"60-69 years","Grady","86","2","17"
"70-79 years","Grady","75","6","20"
"80 & Older years","Grady","32","11","12"
"<1 years","Grady","2","0","0"
"Unknown years","Grady","3","0","0"
"01-04 years","Greene","4","0","0"
"05-09 years","Greene","18","0","0"
"10-17 years","Greene","31","0","0"
"18-29 years","Greene","123","0","4"
"30-39 years","Greene","72","0","5"
"40-49 years","Greene","63","3","7"
"50-59 years","Greene","63","3","7"
"60-69 years","Greene","61","2","9"
"70-79 years","Greene","41","4","9"
"80 & Older years","Greene","32","12","15"
"<1 years","Greene","1","0","1"
"Unknown years","Greene","2","0","0"
"01-04 years","Gwinnett","421","0","11"
"05-09 years","Gwinnett","609","0","10"
"10-17 years","Gwinnett","1768","1","38"
"18-29 years","Gwinnett","7044","1","313"
"30-39 years","Gwinnett","4902","9","344"
"40-49 years","Gwinnett","5201","25","457"
"50-59 years","Gwinnett","4025","49","477"
"60-69 years","Gwinnett","2159","79","440"
"70-79 years","Gwinnett","910","84","293"
"80 & Older years","Gwinnett","655","164","326"
"<1 years","Gwinnett","113","0","4"
"Unknown years","Gwinnett","37","0","0"
"01-04 years","Habersham","12","0","1"
"05-09 years","Habersham","13","0","0"
"10-17 years","Habersham","79","1","4"
"18-29 years","Habersham","339","0","7"
"30-39 years","Habersham","251","1","20"
"40-49 years","Habersham","254","1","24"
"50-59 years","Habersham","269","4","26"
"60-69 years","Habersham","204","7","58"
"70-79 years","Habersham","141","15","45"
"80 & Older years","Habersham","136","42","42"
"<1 years","Habersham","4","0","1"
"Unknown years","Habersham","17","0","1"
"01-04 years","Hall","72","0","2"
"05-09 years","Hall","146","0","1"
"10-17 years","Hall","590","0","13"
"18-29 years","Hall","2328","3","88"
"30-39 years","Hall","1450","1","89"
"40-49 years","Hall","1559","7","138"
"50-59 years","Hall","1520","11","188"
"60-69 years","Hall","860","34","163"
"70-79 years","Hall","517","31","141"
"80 & Older years","Hall","360","71","148"
"<1 years","Hall","16","0","5"
"Unknown years","Hall","149","0","7"
"01-04 years","Hancock","3","0","0"
"05-09 years","Hancock","3","0","0"
"10-17 years","Hancock","15","0","0"
"18-29 years","Hancock","47","0","1"
"30-39 years","Hancock","40","0","2"
"40-49 years","Hancock","55","1","4"
"50-59 years","Hancock","64","2","8"
"60-69 years","Hancock","82","11","20"
"70-79 years","Hancock","46","12","16"
"80 & Older years","Hancock","42","17","16"
"<1 years","Hancock","1","0","0"
"01-04 years","Haralson","7","0","0"
"05-09 years","Haralson","9","0","0"
"10-17 years","Haralson","50","0","1"
"18-29 years","Haralson","118","0","1"
"30-39 years","Haralson","80","0","2"
"40-49 years","Haralson","60","1","4"
"50-59 years","Haralson","64","0","1"
"60-69 years","Haralson","55","3","8"
"70-79 years","Haralson","38","5","9"
"80 & Older years","Haralson","15","0","2"
"<1 years","Haralson","4","0","0"
"01-04 years","Harris","10","0","0"
"05-09 years","Harris","8","0","0"
"10-17 years","Harris","61","0","2"
"18-29 years","Harris","136","0","2"
"30-39 years","Harris","86","0","3"
"40-49 years","Harris","128","1","6"
"50-59 years","Harris","142","4","15"
"60-69 years","Harris","141","8","36"
"70-79 years","Harris","63","5","18"
"80 & Older years","Harris","22","4","6"
"<1 years","Harris","2","0","0"
"Unknown years","Harris","1","0","0"
"01-04 years","Hart","7","0","0"
"05-09 years","Hart","8","0","1"
"10-17 years","Hart","24","0","0"
"18-29 years","Hart","92","0","0"
"30-39 years","Hart","71","0","4"
"40-49 years","Hart","80","0","6"
"50-59 years","Hart","97","1","12"
"60-69 years","Hart","74","3","17"
"70-79 years","Hart","37","3","7"
"80 & Older years","Hart","33","6","19"
"<1 years","Hart","1","0","1"
"01-04 years","Heard","1","0","0"
"05-09 years","Heard","8","0","0"
"10-17 years","Heard","12","0","1"
"18-29 years","Heard","44","0","0"
"30-39 years","Heard","21","0","1"
"40-49 years","Heard","33","0","2"
"50-59 years","Heard","29","0","2"
"60-69 years","Heard","28","1","3"
"70-79 years","Heard","18","3","5"
"80 & Older years","Heard","5","2","1"
"Unknown years","Heard","1","0","0"
"01-04 years","Henry","44","0","1"
"05-09 years","Henry","85","0","1"
"10-17 years","Henry","294","0","2"
"18-29 years","Henry","1175","0","15"
"30-39 years","Henry","950","3","19"
"40-49 years","Henry","1017","5","35"
"50-59 years","Henry","909","9","60"
"60-69 years","Henry","461","20","32"
"70-79 years","Henry","251","28","33"
"80 & Older years","Henry","144","38","25"
"<1 years","Henry","10","0","1"
"Unknown years","Henry","12","0","0"
"01-04 years","Houston","42","0","1"
"05-09 years","Houston","65","0","1"
"10-17 years","Houston","172","0","3"
"18-29 years","Houston","739","2","26"
"30-39 years","Houston","582","1","38"
"40-49 years","Houston","554","2","60"
"50-59 years","Houston","484","6","62"
"60-69 years","Houston","276","18","68"
"70-79 years","Houston","168","31","72"
"80 & Older years","Houston","88","23","48"
"<1 years","Houston","9","0","0"
"Unknown years","Houston","1","0","0"
"01-04 years","Irwin","3","0","0"
"05-09 years","Irwin","6","0","0"
"10-17 years","Irwin","21","0","0"
"18-29 years","Irwin","52","0","3"
"30-39 years","Irwin","53","0","4"
"40-49 years","Irwin","60","0","4"
"50-59 years","Irwin","46","0","5"
"60-69 years","Irwin","42","1","12"
"70-79 years","Irwin","15","0","1"
"80 & Older years","Irwin","17","3","9"
"Unknown years","Irwin","3","0","0"
"01-04 years","Jackson","14","0","0"
"05-09 years","Jackson","36","0","0"
"10-17 years","Jackson","171","0","1"
"18-29 years","Jackson","444","0","9"
"30-39 years","Jackson","324","0","11"
"40-49 years","Jackson","327","1","25"
"50-59 years","Jackson","341","3","31"
"60-69 years","Jackson","182","2","24"
"70-79 years","Jackson","130","12","36"
"80 & Older years","Jackson","63","15","28"
"<1 years","Jackson","6","0","2"
"Unknown years","Jackson","11","0","1"
"05-09 years","Jasper","4","0","0"
"10-17 years","Jasper","6","0","0"
"18-29 years","Jasper","48","0","1"
"30-39 years","Jasper","37","0","0"
"40-49 years","Jasper","25","0","2"
"50-59 years","Jasper","42","0","6"
"60-69 years","Jasper","37","3","9"
"70-79 years","Jasper","16","1","3"
"80 & Older years","Jasper","5","0","0"
"<1 years","Jasper","2","0","0"
"01-04 years","Jeff Davis","14","0","0"
"05-09 years","Jeff Davis","20","0","0"
"10-17 years","Jeff Davis","63","0","2"
"18-29 years","Jeff Davis","148","0","2"
"30-39 years","Jeff Davis","122","0","3"
"40-49 years","Jeff Davis","122","0","7"
"50-59 years","Jeff Davis","105","2","6"
"60-69 years","Jeff Davis","72","4","12"
"70-79 years","Jeff Davis","47","9","12"
"80 & Older years","Jeff Davis","11","5","5"
"<1 years","Jeff Davis","2","0","1"
"Unknown years","Jeff Davis","1","0","0"
"01-04 years","Jefferson","16","0","0"
"05-09 years","Jefferson","20","0","0"
"10-17 years","Jefferson","51","0","0"
"18-29 years","Jefferson","126","0","2"
"30-39 years","Jefferson","99","0","3"
"40-49 years","Jefferson","114","3","9"
"50-59 years","Jefferson","145","2","14"
"60-69 years","Jefferson","114","6","16"
"70-79 years","Jefferson","86","8","18"
"80 & Older years","Jefferson","34","10","15"
"<1 years","Jefferson","4","0","0"
"Unknown years","Jefferson","2","0","0"
"01-04 years","Jenkins","5","0","0"
"05-09 years","Jenkins","9","0","0"
"10-17 years","Jenkins","35","0","0"
"18-29 years","Jenkins","66","0","2"
"30-39 years","Jenkins","42","1","3"
"40-49 years","Jenkins","65","2","8"
"50-59 years","Jenkins","76","5","13"
"60-69 years","Jenkins","54","4","7"
"70-79 years","Jenkins","39","10","19"
"80 & Older years","Jenkins","44","8","11"
"<1 years","Jenkins","2","0","0"
"01-04 years","Johnson","4","0","0"
"05-09 years","Johnson","5","0","0"
"10-17 years","Johnson","14","0","0"
"18-29 years","Johnson","68","0","2"
"30-39 years","Johnson","44","0","3"
"40-49 years","Johnson","54","1","6"
"50-59 years","Johnson","67","0","11"
"60-69 years","Johnson","65","5","12"
"70-79 years","Johnson","48","6","13"
"80 & Older years","Johnson","48","10","11"
"Unknown years","Johnson","1","0","0"
"01-04 years","Jones","2","0","0"
"05-09 years","Jones","6","0","0"
"10-17 years","Jones","23","0","0"
"18-29 years","Jones","152","0","3"
"30-39 years","Jones","84","0","3"
"40-49 years","Jones","87","0","4"
"50-59 years","Jones","95","0","11"
"60-69 years","Jones","61","1","11"
"70-79 years","Jones","33","2","13"
"80 & Older years","Jones","25","6","4"
"<1 years","Jones","1","0","0"
"Unknown years","Jones","1","0","0"
"01-04 years","Lamar","5","0","0"
"05-09 years","Lamar","13","0","0"
"10-17 years","Lamar","25","0","1"
"18-29 years","Lamar","54","0","0"
"30-39 years","Lamar","49","0","1"
"40-49 years","Lamar","54","1","2"
"50-59 years","Lamar","58","1","9"
"60-69 years","Lamar","48","2","9"
"70-79 years","Lamar","40","4","9"
"80 & Older years","Lamar","27","10","11"
"<1 years","Lamar","3","0","0"
"Unknown years","Lamar","1","0","0"
"01-04 years","Lanier","5","0","0"
"05-09 years","Lanier","8","0","1"
"10-17 years","Lanier","18","0","1"
"18-29 years","Lanier","69","1","0"
"30-39 years","Lanier","79","0","1"
"40-49 years","Lanier","38","0","0"
"50-59 years","Lanier","35","0","3"
"60-69 years","Lanier","20","0","1"
"70-79 years","Lanier","13","4","4"
"80 & Older years","Lanier","9","0","4"
"<1 years","Lanier","3","0","0"
"01-04 years","Laurens","11","0","0"
"05-09 years","Laurens","16","0","0"
"10-17 years","Laurens","98","0","0"
"18-29 years","Laurens","309","0","4"
"30-39 years","Laurens","222","0","3"
"40-49 years","Laurens","240","2","12"
"50-59 years","Laurens","275","5","29"
"60-69 years","Laurens","235","17","38"
"70-79 years","Laurens","161","22","33"
"80 & Older years","Laurens","110","29","24"
"<1 years","Laurens","6","0","0"
"Unknown years","Laurens","6","0","0"
"01-04 years","Lee","6","0","0"
"05-09 years","Lee","8","0","2"
"10-17 years","Lee","41","0","1"
"18-29 years","Lee","110","1","6"
"30-39 years","Lee","130","1","12"
"40-49 years","Lee","131","2","16"
"50-59 years","Lee","125","5","23"
"60-69 years","Lee","88","6","17"
"70-79 years","Lee","43","6","18"
"80 & Older years","Lee","20","5","10"
"<1 years","Lee","3","0","0"
"01-04 years","Liberty","10","0","0"
"05-09 years","Liberty","23","0","1"
"10-17 years","Liberty","76","0","1"
"18-29 years","Liberty","264","1","9"
"30-39 years","Liberty","194","0","7"
"40-49 years","Liberty","177","0","8"
"50-59 years","Liberty","157","1","24"
"60-69 years","Liberty","122","7","23"
"70-79 years","Liberty","56","8","21"
"80 & Older years","Liberty","38","6","15"
"<1 years","Liberty","11","0","1"
"Unknown years","Liberty","6","0","0"
"01-04 years","Lincoln","3","0","0"
"05-09 years","Lincoln","6","0","0"
"10-17 years","Lincoln","9","0","0"
"18-29 years","Lincoln","43","0","1"
"30-39 years","Lincoln","29","0","1"
"40-49 years","Lincoln","37","0","3"
"50-59 years","Lincoln","28","0","1"
"60-69 years","Lincoln","33","2","8"
"70-79 years","Lincoln","17","1","7"
"80 & Older years","Lincoln","7","4","3"
"<1 years","Lincoln","1","0","0"
"Unknown years","Lincoln","1","0","0"
"01-04 years","Long","10","0","0"
"05-09 years","Long","3","0","0"
"10-17 years","Long","13","0","0"
"18-29 years","Long","46","0","0"
"30-39 years","Long","61","0","0"
"40-49 years","Long","33","0","3"
"50-59 years","Long","35","1","5"
"60-69 years","Long","29","0","2"
"70-79 years","Long","14","2","6"
"80 & Older years","Long","4","0","2"
"<1 years","Long","3","0","0"
"Unknown years","Long","1","0","1"
"01-04 years","Lowndes","57","0","0"
"05-09 years","Lowndes","80","0","0"
"10-17 years","Lowndes","281","0","4"
"18-29 years","Lowndes","1247","3","21"
"30-39 years","Lowndes","643","0","14"
"40-49 years","Lowndes","576","1","28"
"50-59 years","Lowndes","458","6","34"
"60-69 years","Lowndes","297","14","38"
"70-79 years","Lowndes","167","25","30"
"80 & Older years","Lowndes","116","33","34"
"<1 years","Lowndes","16","0","0"
"Unknown years","Lowndes","17","0","0"
"01-04 years","Lumpkin","4","0","0"
"05-09 years","Lumpkin","10","0","0"
"10-17 years","Lumpkin","43","0","2"
"18-29 years","Lumpkin","267","0","3"
"30-39 years","Lumpkin","101","0","4"
"40-49 years","Lumpkin","115","0","10"
"50-59 years","Lumpkin","128","2","12"
"60-69 years","Lumpkin","122","4","16"
"70-79 years","Lumpkin","97","3","26"
"80 & Older years","Lumpkin","36","5","19"
"<1 years","Lumpkin","2","0","1"
"Unknown years","Lumpkin","12","0","0"
"01-04 years","Macon","5","0","0"
"05-09 years","Macon","6","0","0"
"10-17 years","Macon","8","0","0"
"18-29 years","Macon","37","0","1"
"30-39 years","Macon","25","0","3"
"40-49 years","Macon","45","1","5"
"50-59 years","Macon","49","3","9"
"60-69 years","Macon","27","3","16"
"70-79 years","Macon","22","1","9"
"80 & Older years","Macon","10","2","5"
"<1 years","Macon","1","0","0"
"01-04 years","Madison","14","0","0"
"05-09 years","Madison","10","0","0"
"10-17 years","Madison","75","0","0"
"18-29 years","Madison","134","0","1"
"30-39 years","Madison","114","0","5"
"40-49 years","Madison","119","0","8"
"50-59 years","Madison","113","1","12"
"60-69 years","Madison","66","2","13"
"70-79 years","Madison","42","3","16"
"80 & Older years","Madison","12","2","2"
"<1 years","Madison","8","0","1"
"Unknown years","Madison","3","0","0"
"01-04 years","Marion","2","0","0"
"05-09 years","Marion","2","0","0"
"10-17 years","Marion","13","0","0"
"18-29 years","Marion","31","0","0"
"30-39 years","Marion","23","0","2"
"40-49 years","Marion","33","1","5"
"50-59 years","Marion","30","2","5"
"60-69 years","Marion","25","2","0"
"70-79 years","Marion","16","1","3"
"80 & Older years","Marion","16","2","5"
"<1 years","Marion","1","0","0"
"01-04 years","McDuffie","3","0","0"
"05-09 years","McDuffie","4","0","0"
"10-17 years","McDuffie","31","0","0"
"18-29 years","McDuffie","130","0","3"
"30-39 years","McDuffie","94","1","2"
"40-49 years","McDuffie","100","2","8"
"50-59 years","McDuffie","103","2","12"
"60-69 years","McDuffie","76","2","11"
"70-79 years","McDuffie","51","5","23"
"80 & Older years","McDuffie","15","2","10"
"Unknown years","McDuffie","1","0","0"
"05-09 years","McIntosh","3","0","0"
"10-17 years","McIntosh","17","0","0"
"18-29 years","McIntosh","58","0","2"
"30-39 years","McIntosh","44","0","2"
"40-49 years","McIntosh","47","0","3"
"50-59 years","McIntosh","47","0","1"
"60-69 years","McIntosh","37","2","11"
"70-79 years","McIntosh","32","3","9"
"80 & Older years","McIntosh","6","2","2"
"<1 years","McIntosh","1","0","0"
"Unknown years","McIntosh","2","0","0"
"01-04 years","Meriwether","9","0","1"
"05-09 years","Meriwether","10","0","1"
"10-17 years","Meriwether","13","0","0"
"18-29 years","Meriwether","88","0","3"
"30-39 years","Meriwether","83","1","9"
"40-49 years","Meriwether","102","1","11"
"50-59 years","Meriwether","84","1","10"
"60-69 years","Meriwether","74","1","15"
"70-79 years","Meriwether","52","3","13"
"80 & Older years","Meriwether","30","6","9"
"<1 years","Meriwether","2","0","0"
"Unknown years","Meriwether","1","0","0"
"01-04 years","Miller","3","0","0"
"05-09 years","Miller","2","0","0"
"10-17 years","Miller","20","0","0"
"18-29 years","Miller","46","0","0"
"30-39 years","Miller","50","0","0"
"40-49 years","Miller","41","0","1"
"50-59 years","Miller","54","0","6"
"60-69 years","Miller","34","1","3"
"70-79 years","Miller","12","0","0"
"80 & Older years","Miller","8","0","0"
"<1 years","Miller","2","0","0"
"01-04 years","Mitchell","3","0","0"
"05-09 years","Mitchell","9","0","0"
"10-17 years","Mitchell","38","0","0"
"18-29 years","Mitchell","126","0","6"
"30-39 years","Mitchell","116","1","12"
"40-49 years","Mitchell","127","2","12"
"50-59 years","Mitchell","162","7","41"
"60-69 years","Mitchell","121","9","35"
"70-79 years","Mitchell","67","8","25"
"80 & Older years","Mitchell","49","18","19"
"Unknown years","Mitchell","2","0","1"
"01-04 years","Monroe","3","0","0"
"05-09 years","Monroe","6","0","0"
"10-17 years","Monroe","33","0","0"
"18-29 years","Monroe","125","1","2"
"30-39 years","Monroe","80","0","2"
"40-49 years","Monroe","89","1","9"
"50-59 years","Monroe","122","2","12"
"60-69 years","Monroe","90","8","23"
"70-79 years","Monroe","71","11","20"
"80 & Older years","Monroe","81","29","17"
"<1 years","Monroe","3","0","1"
"Unknown years","Monroe","1","0","0"
"01-04 years","Montgomery","4","0","0"
"05-09 years","Montgomery","2","0","0"
"10-17 years","Montgomery","21","0","1"
"18-29 years","Montgomery","67","0","0"
"30-39 years","Montgomery","45","1","3"
"40-49 years","Montgomery","60","0","1"
"50-59 years","Montgomery","48","0","5"
"60-69 years","Montgomery","39","1","7"
"70-79 years","Montgomery","21","1","5"
"80 & Older years","Montgomery","9","2","2"
"<1 years","Montgomery","2","0","0"
"01-04 years","Morgan","14","0","0"
"05-09 years","Morgan","9","0","0"
"10-17 years","Morgan","45","0","0"
"18-29 years","Morgan","107","0","2"
"30-39 years","Morgan","68","0","5"
"40-49 years","Morgan","71","0","3"
"50-59 years","Morgan","76","0","7"
"60-69 years","Morgan","52","1","4"
"70-79 years","Morgan","18","0","6"
"80 & Older years","Morgan","22","2","11"
"<1 years","Morgan","4","0","0"
"Unknown years","Morgan","1","0","0"
"01-04 years","Murray","12","0","1"
"05-09 years","Murray","9","0","1"
"10-17 years","Murray","52","0","0"
"18-29 years","Murray","211","0","2"
"30-39 years","Murray","139","0","2"
"40-49 years","Murray","159","0","10"
"50-59 years","Murray","136","1","11"
"60-69 years","Murray","69","1","9"
"70-79 years","Murray","42","2","11"
"80 & Older years","Murray","11","2","5"
"<1 years","Murray","4","0","0"
"Unknown years","Murray","2","0","0"
"01-04 years","Muscogee","95","0","3"
"05-09 years","Muscogee","113","0","0"
"10-17 years","Muscogee","297","0","1"
"18-29 years","Muscogee","1580","3","40"
"30-39 years","Muscogee","1004","2","56"
"40-49 years","Muscogee","828","3","59"
"50-59 years","Muscogee","854","20","130"
"60-69 years","Muscogee","675","41","168"
"70-79 years","Muscogee","363","45","115"
"80 & Older years","Muscogee","210","56","97"
"<1 years","Muscogee","35","0","2"
"Unknown years","Muscogee","25","0","0"
"01-04 years","Newton","28","0","2"
"05-09 years","Newton","39","0","0"
"10-17 years","Newton","125","0","1"
"18-29 years","Newton","513","0","15"
"30-39 years","Newton","419","0","29"
"40-49 years","Newton","497","0","43"
"50-59 years","Newton","452","7","57"
"60-69 years","Newton","236","15","45"
"70-79 years","Newton","164","26","46"
"80 & Older years","Newton","134","43","33"
"<1 years","Newton","10","0","1"
"Unknown years","Newton","3","0","0"
"01-04 years","Non-GA Resident/Unknown State","214","0","1"
"05-09 years","Non-GA Resident/Unknown State","326","0","4"
"10-17 years","Non-GA Resident/Unknown State","1087","0","6"
"18-29 years","Non-GA Resident/Unknown State","4311","4","42"
"30-39 years","Non-GA Resident/Unknown State","2766","3","51"
"40-49 years","Non-GA Resident/Unknown State","2360","5","56"
"50-59 years","Non-GA Resident/Unknown State","2102","21","115"
"60-69 years","Non-GA Resident/Unknown State","1356","39","142"
"70-79 years","Non-GA Resident/Unknown State","781","48","122"
"80 & Older years","Non-GA Resident/Unknown State","460","41","100"
"<1 years","Non-GA Resident/Unknown State","95","0","1"
"Unknown years","Non-GA Resident/Unknown State","370","0","1"
"01-04 years","Oconee","2","0","0"
"05-09 years","Oconee","10","0","0"
"10-17 years","Oconee","53","0","0"
"18-29 years","Oconee","229","0","2"
"30-39 years","Oconee","81","0","2"
"40-49 years","Oconee","111","0","8"
"50-59 years","Oconee","119","2","4"
"60-69 years","Oconee","74","9","15"
"70-79 years","Oconee","41","4","12"
"80 & Older years","Oconee","45","11","21"
"<1 years","Oconee","1","0","0"
"01-04 years","Oglethorpe","4","0","0"
"05-09 years","Oglethorpe","9","0","0"
"10-17 years","Oglethorpe","22","0","0"
"18-29 years","Oglethorpe","71","0","1"
"30-39 years","Oglethorpe","34","0","0"
"40-49 years","Oglethorpe","46","0","4"
"50-59 years","Oglethorpe","49","1","10"
"60-69 years","Oglethorpe","31","0","8"
"70-79 years","Oglethorpe","34","1","10"
"80 & Older years","Oglethorpe","38","9","12"
"<1 years","Oglethorpe","3","0","0"
"Unknown years","Oglethorpe","1","0","0"
"01-04 years","Paulding","33","0","1"
"05-09 years","Paulding","63","0","0"
"10-17 years","Paulding","246","0","3"
"18-29 years","Paulding","631","0","5"
"30-39 years","Paulding","446","1","14"
"40-49 years","Paulding","487","3","13"
"50-59 years","Paulding","459","6","30"
"60-69 years","Paulding","249","9","35"
"70-79 years","Paulding","124","14","30"
"80 & Older years","Paulding","78","24","13"
"<1 years","Paulding","7","0","0"
"Unknown years","Paulding","11","0","0"
"01-04 years","Peach","8","0","0"
"05-09 years","Peach","11","0","0"
"10-17 years","Peach","20","0","1"
"18-29 years","Peach","147","1","7"
"30-39 years","Peach","124","0","7"
"40-49 years","Peach","90","1","8"
"50-59 years","Peach","107","3","24"
"60-69 years","Peach","92","8","27"
"70-79 years","Peach","40","4","16"
"80 & Older years","Peach","32","7","15"
"<1 years","Peach","4","0","0"
"Unknown years","Peach","2","0","0"
"01-04 years","Pickens","9","0","0"
"05-09 years","Pickens","5","0","0"
"10-17 years","Pickens","29","0","0"
"18-29 years","Pickens","124","0","4"
"30-39 years","Pickens","77","0","4"
"40-49 years","Pickens","119","0","7"
"50-59 years","Pickens","112","0","6"
"60-69 years","Pickens","76","1","13"
"70-79 years","Pickens","46","5","17"
"80 & Older years","Pickens","22","4","5"
"<1 years","Pickens","1","0","0"
"Unknown years","Pickens","3","0","0"
"01-04 years","Pierce","6","0","0"
"05-09 years","Pierce","8","0","0"
"10-17 years","Pierce","33","1","1"
"18-29 years","Pierce","120","0","3"
"30-39 years","Pierce","74","0","3"
"40-49 years","Pierce","113","0","11"
"50-59 years","Pierce","90","3","10"
"60-69 years","Pierce","80","5","25"
"70-79 years","Pierce","60","7","22"
"80 & Older years","Pierce","30","6","7"
"<1 years","Pierce","2","0","0"
"Unknown years","Pierce","2","0","0"
"01-04 years","Pike","11","0","0"
"05-09 years","Pike","6","0","0"
"10-17 years","Pike","30","0","0"
"18-29 years","Pike","60","0","0"
"30-39 years","Pike","49","0","2"
"40-49 years","Pike","63","1","3"
"50-59 years","Pike","46","1","5"
"60-69 years","Pike","37","1","9"
"70-79 years","Pike","33","4","9"
"80 & Older years","Pike","11","3","3"
"Unknown years","Pike","1","0","0"
"01-04 years","Polk","18","0","1"
"05-09 years","Polk","28","0","0"
"10-17 years","Polk","145","0","1"
"18-29 years","Polk","369","0","1"
"30-39 years","Polk","212","0","4"
"40-49 years","Polk","249","0","17"
"50-59 years","Polk","214","2","26"
"60-69 years","Polk","111","5","22"
"70-79 years","Polk","91","3","19"
"80 & Older years","Polk","42","8","13"
"<1 years","Polk","5","0","0"
"Unknown years","Polk","23","0","1"
"05-09 years","Pulaski","2","0","0"
"10-17 years","Pulaski","19","0","0"
"18-29 years","Pulaski","42","0","1"
"30-39 years","Pulaski","40","0","2"
"40-49 years","Pulaski","42","0","5"
"50-59 years","Pulaski","58","0","5"
"60-69 years","Pulaski","53","5","7"
"70-79 years","Pulaski","33","10","13"
"80 & Older years","Pulaski","27","7","4"
"Unknown years","Pulaski","2","0","0"
"01-04 years","Putnam","10","0","0"
"05-09 years","Putnam","25","0","0"
"10-17 years","Putnam","47","0","1"
"18-29 years","Putnam","138","0","3"
"30-39 years","Putnam","81","0","3"
"40-49 years","Putnam","95","2","5"
"50-59 years","Putnam","109","0","9"
"60-69 years","Putnam","93","7","13"
"70-79 years","Putnam","58","8","19"
"80 & Older years","Putnam","42","8","15"
"<1 years","Putnam","4","0","0"
"10-17 years","Quitman","2","0","0"
"18-29 years","Quitman","6","0","0"
"30-39 years","Quitman","3","0","1"
"40-49 years","Quitman","2","0","1"
"50-59 years","Quitman","4","0","0"
"60-69 years","Quitman","14","1","3"
"70-79 years","Quitman","1","0","1"
"80 & Older years","Quitman","2","0","1"
"01-04 years","Rabun","4","0","0"
"05-09 years","Rabun","6","0","0"
"10-17 years","Rabun","26","0","0"
"18-29 years","Rabun","74","0","4"
"30-39 years","Rabun","53","1","4"
"40-49 years","Rabun","44","0","1"
"50-59 years","Rabun","54","0","5"
"60-69 years","Rabun","55","1","12"
"70-79 years","Rabun","33","3","12"
"80 & Older years","Rabun","21","5","8"
"<1 years","Rabun","2","0","1"
"Unknown years","Rabun","4","0","0"
"05-09 years","Randolph","2","0","0"
"10-17 years","Randolph","4","0","0"
"18-29 years","Randolph","38","0","0"
"30-39 years","Randolph","47","2","2"
"40-49 years","Randolph","38","0","3"
"50-59 years","Randolph","70","3","13"
"60-69 years","Randolph","52","7","12"
"70-79 years","Randolph","30","3","9"
"80 & Older years","Randolph","46","14","16"
"<1 years","Randolph","1","0","0"
"Unknown years","Randolph","3","0","0"
"01-04 years","Richmond","64","0","1"
"05-09 years","Richmond","102","0","1"
"10-17 years","Richmond","384","0","2"
"18-29 years","Richmond","1751","3","18"
"30-39 years","Richmond","1274","3","40"
"40-49 years","Richmond","1100","10","56"
"50-59 years","Richmond","1068","13","95"
"60-69 years","Richmond","728","29","107"
"70-79 years","Richmond","407","34","107"
"80 & Older years","Richmond","301","74","142"
"<1 years","Richmond","31","0","1"
"Unknown years","Richmond","10","0","0"
"01-04 years","Rockdale","27","0","0"
"05-09 years","Rockdale","41","0","0"
"10-17 years","Rockdale","104","0","1"
"18-29 years","Rockdale","410","2","18"
"30-39 years","Rockdale","317","2","30"
"40-49 years","Rockdale","331","3","38"
"50-59 years","Rockdale","337","4","39"
"60-69 years","Rockdale","186","8","48"
"70-79 years","Rockdale","92","13","37"
"80 & Older years","Rockdale","36","5","15"
"<1 years","Rockdale","1","0","0"
"01-04 years","Schley","4","0","0"
"05-09 years","Schley","3","0","0"
"10-17 years","Schley","12","0","0"
"18-29 years","Schley","23","0","1"
"30-39 years","Schley","10","0","0"
"40-49 years","Schley","13","0","2"
"50-59 years","Schley","16","0","3"
"60-69 years","Schley","15","1","7"
"70-79 years","Schley","6","0","2"
"80 & Older years","Schley","3","1","1"
"<1 years","Schley","1","0","0"
"01-04 years","Screven","2","0","0"
"05-09 years","Screven","7","0","0"
"10-17 years","Screven","38","0","0"
"18-29 years","Screven","77","0","3"
"30-39 years","Screven","52","0","2"
"40-49 years","Screven","56","1","4"
"50-59 years","Screven","53","0","9"
"60-69 years","Screven","69","1","12"
"70-79 years","Screven","35","3","9"
"80 & Older years","Screven","27","6","7"
"<1 years","Screven","2","0","0"
"Unknown years","Screven","2","0","0"
"01-04 years","Seminole","12","0","0"
"05-09 years","Seminole","9","0","0"
"10-17 years","Seminole","37","0","0"
"18-29 years","Seminole","53","0","0"
"30-39 years","Seminole","46","0","0"
"40-49 years","Seminole","52","0","2"
"50-59 years","Seminole","54","1","4"
"60-69 years","Seminole","59","1","8"
"70-79 years","Seminole","35","4","7"
"80 & Older years","Seminole","9","3","3"
"<1 years","Seminole","2","0","0"
"Unknown years","Seminole","1","0","0"
"01-04 years","Spalding","17","0","0"
"05-09 years","Spalding","8","0","0"
"10-17 years","Spalding","57","0","2"
"18-29 years","Spalding","234","0","9"
"30-39 years","Spalding","213","1","16"
"40-49 years","Spalding","200","2","21"
"50-59 years","Spalding","215","7","45"
"60-69 years","Spalding","172","11","33"
"70-79 years","Spalding","115","15","33"
"80 & Older years","Spalding","113","25","29"
"<1 years","Spalding","1","0","0"
"Unknown years","Spalding","9","0","0"
"01-04 years","Stephens","8","0","0"
"05-09 years","Stephens","21","0","0"
"10-17 years","Stephens","54","0","1"
"18-29 years","Stephens","198","0","7"
"30-39 years","Stephens","116","0","7"
"40-49 years","Stephens","151","1","12"
"50-59 years","Stephens","175","3","19"
"60-69 years","Stephens","158","7","31"
"70-79 years","Stephens","130","11","24"
"80 & Older years","Stephens","87","16","17"
"<1 years","Stephens","1","0","0"
"Unknown years","Stephens","8","0","0"
"01-04 years","Stewart","1","0","0"
"05-09 years","Stewart","2","0","0"
"10-17 years","Stewart","10","0","0"
"18-29 years","Stewart","109","0","10"
"30-39 years","Stewart","146","1","15"
"40-49 years","Stewart","99","1","14"
"50-59 years","Stewart","57","1","10"
"60-69 years","Stewart","46","6","21"
"70-79 years","Stewart","21","2","3"
"80 & Older years","Stewart","17","4","4"
"<1 years","Stewart","1","0","0"
"Unknown years","Stewart","14","0","4"
"01-04 years","Sumter","7","0","0"
"05-09 years","Sumter","12","0","0"
"10-17 years","Sumter","21","0","1"
"18-29 years","Sumter","166","1","5"
"30-39 years","Sumter","129","1","16"
"40-49 years","Sumter","124","2","17"
"50-59 years","Sumter","149","1","37"
"60-69 years","Sumter","150","17","55"
"70-79 years","Sumter","108","19","36"
"80 & Older years","Sumter","69","22","35"
"<1 years","Sumter","1","0","0"
"Unknown years","Sumter","3","0","0"
"01-04 years","Talbot","1","0","0"
"05-09 years","Talbot","1","0","0"
"10-17 years","Talbot","15","0","0"
"18-29 years","Talbot","21","0","1"
"30-39 years","Talbot","16","0","1"
"40-49 years","Talbot","35","1","4"
"50-59 years","Talbot","29","0","3"
"60-69 years","Talbot","23","2","8"
"70-79 years","Talbot","14","1","2"
"80 & Older years","Talbot","10","2","5"
"Unknown years","Talbot","1","0","0"
"10-17 years","Taliaferro","1","0","0"
"18-29 years","Taliaferro","2","0","0"
"30-39 years","Taliaferro","3","0","0"
"40-49 years","Taliaferro","7","0","1"
"50-59 years","Taliaferro","5","0","0"
"60-69 years","Taliaferro","1","0","0"
"70-79 years","Taliaferro","2","0","0"
"80 & Older years","Taliaferro","1","0","1"
"01-04 years","Tattnall","16","0","0"
"05-09 years","Tattnall","27","0","0"
"10-17 years","Tattnall","71","0","0"
"18-29 years","Tattnall","183","0","0"
"30-39 years","Tattnall","116","0","3"
"40-49 years","Tattnall","136","0","4"
"50-59 years","Tattnall","134","3","14"
"60-69 years","Tattnall","99","4","17"
"70-79 years","Tattnall","40","3","17"
"80 & Older years","Tattnall","17","1","6"
"<1 years","Tattnall","4","0","0"
"Unknown years","Tattnall","3","0","0"
"01-04 years","Taylor","7","0","0"
"05-09 years","Taylor","6","0","0"
"10-17 years","Taylor","28","0","1"
"18-29 years","Taylor","42","0","0"
"30-39 years","Taylor","18","0","3"
"40-49 years","Taylor","29","1","3"
"50-59 years","Taylor","29","0","6"
"60-69 years","Taylor","24","4","9"
"70-79 years","Taylor","17","2","6"
"80 & Older years","Taylor","13","4","4"
"<1 years","Taylor","1","0","0"
"Unknown years","Taylor","2","0","0"
"01-04 years","Telfair","5","0","0"
"05-09 years","Telfair","5","0","0"
"10-17 years","Telfair","8","0","0"
"18-29 years","Telfair","65","0","2"
"30-39 years","Telfair","38","0","1"
"40-49 years","Telfair","65","0","4"
"50-59 years","Telfair","64","3","6"
"60-69 years","Telfair","68","3","12"
"70-79 years","Telfair","44","4","9"
"80 & Older years","Telfair","31","10","6"
"<1 years","Telfair","2","0","0"
"01-04 years","Terrell","3","0","0"
"05-09 years","Terrell","1","0","0"
"10-17 years","Terrell","15","0","0"
"18-29 years","Terrell","36","0","1"
"30-39 years","Terrell","49","0","9"
"40-49 years","Terrell","41","0","7"
"50-59 years","Terrell","56","3","8"
"60-69 years","Terrell","65","9","23"
"70-79 years","Terrell","41","12","19"
"80 & Older years","Terrell","22","8","7"
"01-04 years","Thomas","21","0","0"
"05-09 years","Thomas","24","0","0"
"10-17 years","Thomas","80","0","0"
"18-29 years","Thomas","258","1","11"
"30-39 years","Thomas","224","0","10"
"40-49 years","Thomas","228","4","15"
"50-59 years","Thomas","238","4","21"
"60-69 years","Thomas","214","7","49"
"70-79 years","Thomas","123","20","32"
"80 & Older years","Thomas","87","30","29"
"<1 years","Thomas","4","0","1"
"01-04 years","Tift","18","0","0"
"05-09 years","Tift","33","0","0"
"10-17 years","Tift","120","0","3"
"18-29 years","Tift","484","0","11"
"30-39 years","Tift","281","1","18"
"40-49 years","Tift","276","5","31"
"50-59 years","Tift","236","9","41"
"60-69 years","Tift","168","12","41"
"70-79 years","Tift","127","15","44"
"80 & Older years","Tift","60","15","36"
"<1 years","Tift","9","0","0"
"Unknown years","Tift","1","0","0"
"01-04 years","Toombs","15","0","0"
"05-09 years","Toombs","25","0","0"
"10-17 years","Toombs","100","0","1"
"18-29 years","Toombs","273","0","4"
"30-39 years","Toombs","205","0","0"
"40-49 years","Toombs","199","1","17"
"50-59 years","Toombs","177","4","13"
"60-69 years","Toombs","157","4","31"
"70-79 years","Toombs","116","19","22"
"80 & Older years","Toombs","79","22","17"
"<1 years","Toombs","1","0","0"
"Unknown years","Toombs","3","0","0"
"05-09 years","Towns","4","0","0"
"10-17 years","Towns","9","0","0"
"18-29 years","Towns","65","0","1"
"30-39 years","Towns","35","0","1"
"40-49 years","Towns","30","1","2"
"50-59 years","Towns","56","1","4"
"60-69 years","Towns","64","0","2"
"70-79 years","Towns","46","1","9"
"80 & Older years","Towns","36","7","20"
"01-04 years","Treutlen","2","0","0"
"05-09 years","Treutlen","4","0","0"
"10-17 years","Treutlen","16","0","0"
"18-29 years","Treutlen","47","0","1"
"30-39 years","Treutlen","36","0","2"
"40-49 years","Treutlen","49","0","4"
"50-59 years","Treutlen","41","1","5"
"60-69 years","Treutlen","28","2","9"
"70-79 years","Treutlen","25","5","4"
"80 & Older years","Treutlen","15","2","5"
"01-04 years","Troup","83","0","0"
"05-09 years","Troup","88","0","0"
"10-17 years","Troup","185","0","2"
"18-29 years","Troup","635","0","21"
"30-39 years","Troup","468","5","30"
"40-49 years","Troup","397","2","38"
"50-59 years","Troup","390","11","67"
"60-69 years","Troup","292","15","58"
"70-79 years","Troup","139","25","55"
"80 & Older years","Troup","130","42","40"
"<1 years","Troup","24","0","1"
"Unknown years","Troup","6","0","0"
"05-09 years","Turner","3","0","0"
"10-17 years","Turner","10","0","0"
"18-29 years","Turner","42","0","0"
"30-39 years","Turner","63","0","6"
"40-49 years","Turner","45","0","2"
"50-59 years","Turner","56","2","7"
"60-69 years","Turner","44","6","15"
"70-79 years","Turner","25","6","10"
"80 & Older years","Turner","22","10","8"
"<1 years","Turner","1","0","1"
"01-04 years","Twiggs","6","0","0"
"05-09 years","Twiggs","1","0","0"
"10-17 years","Twiggs","12","0","0"
"18-29 years","Twiggs","27","0","1"
"30-39 years","Twiggs","26","1","4"
"40-49 years","Twiggs","29","1","7"
"50-59 years","Twiggs","37","1","8"
"60-69 years","Twiggs","38","1","14"
"70-79 years","Twiggs","19","2","10"
"80 & Older years","Twiggs","5","2","4"
"01-04 years","Union","3","0","0"
"05-09 years","Union","9","0","0"
"10-17 years","Union","24","0","1"
"18-29 years","Union","96","1","1"
"30-39 years","Union","79","0","2"
"40-49 years","Union","94","0","8"
"50-59 years","Union","118","2","5"
"60-69 years","Union","128","1","18"
"70-79 years","Union","124","6","22"
"80 & Older years","Union","107","10","25"
"<1 years","Union","1","0","0"
"Unknown years","Union","3","0","0"
"01-04 years","Unknown","16","0","0"
"05-09 years","Unknown","41","0","0"
"10-17 years","Unknown","155","0","1"
"18-29 years","Unknown","575","1","6"
"30-39 years","Unknown","372","0","5"
"40-49 years","Unknown","327","1","3"
"50-59 years","Unknown","298","2","4"
"60-69 years","Unknown","182","1","10"
"70-79 years","Unknown","102","1","14"
"80 & Older years","Unknown","47","0","3"
"<1 years","Unknown","19","0","0"
"Unknown years","Unknown","85","0","3"
"01-04 years","Upson","17","0","0"
"05-09 years","Upson","19","0","0"
"10-17 years","Upson","48","0","1"
"18-29 years","Upson","122","0","4"
"30-39 years","Upson","84","1","3"
"40-49 years","Upson","99","1","5"
"50-59 years","Upson","129","3","11"
"60-69 years","Upson","117","12","17"
"70-79 years","Upson","88","20","22"
"80 & Older years","Upson","73","25","20"
"<1 years","Upson","3","0","0"
"Unknown years","Upson","5","0","0"
"01-04 years","Walker","9","0","0"
"05-09 years","Walker","23","0","0"
"10-17 years","Walker","127","0","0"
"18-29 years","Walker","293","0","1"
"30-39 years","Walker","218","0","5"
"40-49 years","Walker","259","2","8"
"50-59 years","Walker","213","1","12"
"60-69 years","Walker","196","7","19"
"70-79 years","Walker","131","17","24"
"80 & Older years","Walker","94","11","15"
"<1 years","Walker","9","0","0"
"Unknown years","Walker","28","0","2"
"01-04 years","Walton","14","0","0"
"05-09 years","Walton","28","0","1"
"10-17 years","Walton","118","0","1"
"18-29 years","Walton","361","0","9"
"30-39 years","Walton","284","0","11"
"40-49 years","Walton","255","1","21"
"50-59 years","Walton","306","3","32"
"60-69 years","Walton","193","7","34"
"70-79 years","Walton","150","12","38"
"80 & Older years","Walton","137","33","37"
"<1 years","Walton","3","0","0"
"Unknown years","Walton","1","0","0"
"01-04 years","Ware","41","0","1"
"05-09 years","Ware","37","0","0"
"10-17 years","Ware","112","0","2"
"18-29 years","Ware","289","0","3"
"30-39 years","Ware","225","0","11"
"40-49 years","Ware","167","2","15"
"50-59 years","Ware","218","3","37"
"60-69 years","Ware","163","7","28"
"70-79 years","Ware","143","23","53"
"80 & Older years","Ware","107","27","30"
"<1 years","Ware","8","0","0"
"Unknown years","Ware","6","0","1"
"01-04 years","Warren","4","0","0"
"05-09 years","Warren","1","0","0"
"10-17 years","Warren","9","0","0"
"18-29 years","Warren","23","0","1"
"30-39 years","Warren","23","0","2"
"40-49 years","Warren","21","0","4"
"50-59 years","Warren","28","1","5"
"60-69 years","Warren","20","2","5"
"70-79 years","Warren","16","1","6"
"80 & Older years","Warren","7","1","1"
"<1 years","Warren","2","0","1"
"Unknown years","Warren","2","0","0"
"01-04 years","Washington","9","0","0"
"05-09 years","Washington","8","0","1"
"10-17 years","Washington","48","0","1"
"18-29 years","Washington","135","0","4"
"30-39 years","Washington","102","0","7"
"40-49 years","Washington","138","1","8"
"50-59 years","Washington","92","0","9"
"60-69 years","Washington","84","4","11"
"70-79 years","Washington","46","1","7"
"80 & Older years","Washington","14","2","4"
"<1 years","Washington","6","0","0"
"Unknown years","Washington","3","0","0"
"01-04 years","Wayne","11","0","0"
"05-09 years","Wayne","5","0","0"
"10-17 years","Wayne","55","0","0"
"18-29 years","Wayne","183","2","7"
"30-39 years","Wayne","191","0","3"
"40-49 years","Wayne","214","0","18"
"50-59 years","Wayne","171","2","10"
"60-69 years","Wayne","127","7","27"
"70-79 years","Wayne","119","11","34"
"80 & Older years","Wayne","64","9","11"
"<1 years","Wayne","1","0","0"
"Unknown years","Wayne","7","0","0"
"18-29 years","Webster","9","0","1"
"30-39 years","Webster","2","0","0"
"40-49 years","Webster","7","0","2"
"50-59 years","Webster","11","2","4"
"60-69 years","Webster","9","0","3"
"70-79 years","Webster","3","0","0"
"Unknown years","Webster","2","0","0"
"05-09 years","Wheeler","1","0","0"
"10-17 years","Wheeler","10","0","0"
"18-29 years","Wheeler","37","0","0"
"30-39 years","Wheeler","53","1","2"
"40-49 years","Wheeler","66","1","3"
"50-59 years","Wheeler","68","3","5"
"60-69 years","Wheeler","46","2","5"
"70-79 years","Wheeler","25","2","4"
"80 & Older years","Wheeler","8","1","0"
"<1 years","Wheeler","2","0","0"
"Unknown years","Wheeler","27","1","1"
"01-04 years","White","7","0","0"
"05-09 years","White","14","0","0"
"10-17 years","White","54","0","1"
"18-29 years","White","143","1","4"
"30-39 years","White","113","0","3"
"40-49 years","White","126","1","6"
"50-59 years","White","129","0","13"
"60-69 years","White","126","3","23"
"70-79 years","White","94","4","29"
"80 & Older years","White","65","10","21"
"<1 years","White","4","0","0"
"Unknown years","White","13","0","2"
"01-04 years","Whitfield","56","0","2"
"05-09 years","Whitfield","72","0","1"
"10-17 years","Whitfield","359","0","1"
"18-29 years","Whitfield","1340","0","22"
"30-39 years","Whitfield","785","1","27"
"40-49 years","Whitfield","798","1","35"
"50-59 years","Whitfield","641","10","45"
"60-69 years","Whitfield","321","15","51"
"70-79 years","Whitfield","176","12","37"
"80 & Older years","Whitfield","97","22","24"
"<1 years","Whitfield","24","0","3"
"Unknown years","Whitfield","3","0","0"
"01-04 years","Wilcox","8","0","0"
"05-09 years","Wilcox","1","0","0"
"10-17 years","Wilcox","9","0","0"
"18-29 years","Wilcox","15","0","0"
"30-39 years","Wilcox","19","0","1"
"40-49 years","Wilcox","45","0","11"
"50-59 years","Wilcox","38","0","9"
"60-69 years","Wilcox","63","7","19"
"70-79 years","Wilcox","34","8","7"
"80 & Older years","Wilcox","16","7","4"
"<1 years","Wilcox","1","0","0"
"01-04 years","Wilkes","3","0","0"
"05-09 years","Wilkes","5","0","0"
"10-17 years","Wilkes","27","0","0"
"18-29 years","Wilkes","57","0","0"
"30-39 years","Wilkes","43","0","3"
"40-49 years","Wilkes","40","0","6"
"50-59 years","Wilkes","44","1","2"
"60-69 years","Wilkes","20","0","3"
"70-79 years","Wilkes","19","1","9"
"80 & Older years","Wilkes","9","3","6"
"01-04 years","Wilkinson","4","0","0"
"05-09 years","Wilkinson","7","0","0"
"10-17 years","Wilkinson","11","0","0"
"18-29 years","Wilkinson","58","0","1"
"30-39 years","Wilkinson","47","0","4"
"40-49 years","Wilkinson","35","0","1"
"50-59 years","Wilkinson","68","3","14"
"60-69 years","Wilkinson","68","5","20"
"70-79 years","Wilkinson","30","6","13"
"80 & Older years","Wilkinson","17","4","10"
"01-04 years","Worth","5","0","0"
"05-09 years","Worth","4","0","0"
"10-17 years","Worth","24","0","4"
"18-29 years","Worth","89","0","3"
"30-39 years","Worth","56","0","3"
"40-49 years","Worth","74","1","8"
"50-59 years","Worth","94","3","17"
"60-69 years","Worth","90","12","30"
"70-79 years","Worth","56","7","17"
"80 & Older years","Worth","42","7","9"
"<1 years","Worth","3","0","0"
"Unknown years","Worth","1","0","0"
