Ethnicity,race,Confirmed_Cases,Deaths
HISPANIC/LATINO,AFRICAN-AMERICAN/BLACK,142,6
HISPANIC/LATINO,AMERICAN INDIAN/ALASKA NATIVE,16,1
HISPANIC/LATINO,ASIAN,15,0
HISPANIC/LATINO,MISSING,188,0
HISPANIC/LATINO,NATIVE HAWAIIAN/PACIFIC ISLANDER,7,0
HISPANIC/LATINO,OTHER,2019,24
HISPANIC/LATINO,UNKNOWN,397,6
HISPANIC/LATINO,WHITE,3040,43
NON-HISPANIC/LATINO,AFRICAN-AMERICAN/BLACK,12313,958
NON-HISPANIC/LATINO,AMERICAN INDIAN/ALASKA NATIVE,31,3
NON-HISPANIC/LATINO,ASIAN,509,30
NON-HISPANIC/LATINO,MISSING,90,1
NON-HISPANIC/LATINO,NATIVE HAWAIIAN/PACIFIC ISLANDER,22,3
NON-HISPANIC/LATINO,OTHER,410,5
NON-HISPANIC/LATINO,UNKNOWN,207,2
NON-HISPANIC/LATINO,WHITE,9831,876
UNKNOWN,AFRICAN-AMERICAN/BLACK,2643,14
UNKNOWN,AMERICAN INDIAN/ALASKA NATIVE,5,0
UNKNOWN,ASIAN,152,0
UNKNOWN,MISSING,6150,7
UNKNOWN,NATIVE HAWAIIAN/PACIFIC ISLANDER,8,0
UNKNOWN,OTHER,538,2
UNKNOWN,UNKNOWN,5851,14
UNKNOWN,WHITE,1702,8
